window,x_mean,y_mean,z_mean,x_std,y_std,z_std,x_abs_diff,y_abs_diff,z_abs_diff,mean_res_accel,x_tm_peaks,y_tm_peaks,z_tm_peaks,0,1,2,3,4,5,6,7,8,9,10,11,12,13,14,15,16,17,18,19,20,21,22,23,24,25,26,27,28,29,user
0,-0.015036116248499988,0.011390522670499992,0.0022307269819999975,1.7930697429227924,1.6851099701403522,1.2273485631443548,1.3045120539345589e-17,1.3045120539345589e-17,1.3045120539345589e-17,2.164501741127732,525.0,125.0,425.0,4,3,6,6,46,94,27,8,3,3,1,5,7,19,45,78,21,9,7,8,1,5,7,20,25,82,31,21,4,4,6
1,0.027821050996500018,-0.056130394474999915,0.0454068050055,1.7858865629980942,1.72665213753897,1.5918603026579627,2.4424906541753444e-17,2.4424906541753444e-17,2.4424906541753444e-17,2.5664934071410563,525.0,125.0,3325.0,4,3,5,9,45,87,36,6,2,3,1,7,11,22,39,60,37,13,6,4,2,10,13,37,38,42,33,15,5,5,6
2,0.03312094750699999,-0.02794305781549999,-0.03967526106800002,1.0789092594927951,1.1244864162461634,1.8306513561301403,1.3322676295501878e-17,1.3322676295501878e-17,1.3322676295501878e-17,2.119796117787808,2500.0,325.0,2500.0,2,1,2,9,11,24,50,62,30,9,3,4,3,8,21,39,42,37,25,18,16,16,27,55,41,27,9,4,2,3,6
3,-0.01948011317899999,-0.008984916555000017,-0.006396253268999979,1.3662398348164555,1.040163180139402,1.9241720897445986,4.218847493575595e-17,4.218847493575595e-17,4.218847493575595e-17,2.2394830985514447,400.0,2275.0,25.0,5,3,4,17,24,51,61,21,6,8,2,3,6,15,36,44,37,29,22,6,16,23,44,66,25,16,4,1,4,1,6
4,-0.03824345070350002,0.07743620299400003,0.018799274664500043,1.9096453477444897,1.252421773631761,2.5492825969804667,7.771561172376097e-18,7.771561172376097e-18,7.771561172376097e-18,3.0670151112504582,1400.0,2325.0,4225.0,7,8,10,26,30,53,24,21,13,8,2,5,12,24,33,31,37,31,13,12,6,16,16,45,61,17,19,12,5,3,6
5,-0.043385979537000005,0.021647991871999984,-0.062091458283999895,2.1025632424804312,1.4382249626255745,2.935781671614385,3.7747582837255325e-17,3.7747582837255325e-17,3.7747582837255325e-17,3.6512941931137863,1400.0,4500.0,3475.0,9,10,17,20,28,38,30,24,15,9,2,6,14,34,27,23,34,29,15,16,9,28,13,20,49,36,11,15,14,5,6
6,0.03121574994100002,-0.1044994500645,-0.039306300747500016,1.9982398127517942,1.44840049270558,3.0388956822838873,2.6645352591003756e-17,2.6645352591003756e-17,2.6645352591003756e-17,3.6603891345162065,375.0,2800.0,3925.0,8,16,15,16,24,39,26,25,20,11,2,7,18,36,25,25,30,31,13,13,9,31,12,20,47,31,17,12,13,8,6
7,0.05278498514449999,-0.01680772785400001,-0.011759113534999952,1.9860638565065818,1.4029935035210634,3.2176554041922816,4.662936703425657e-17,4.662936703425657e-17,4.662936703425657e-17,3.787879326635346,375.0,575.0,2850.0,5,15,15,17,29,44,20,20,21,14,12,25,30,25,27,20,32,14,13,2,27,20,10,33,36,20,20,11,13,10,6
8,-0.03668676819700001,0.05621903433649999,0.055979668835500006,2.0296269103637616,1.5007290513876148,3.079984719931176,1.7763568394002505e-17,1.7763568394002505e-17,1.7763568394002505e-17,3.750639946826483,1450.0,2800.0,1075.0,12,18,10,22,22,43,20,17,21,15,4,16,37,23,25,31,31,20,10,3,5,28,12,18,43,32,23,15,15,9,6
9,-0.0363257853795,-0.029436328919999984,-0.04483941982099998,1.9487730768403173,1.4785959149036196,3.0893513255866227,5.0237591864288335e-17,5.0237591864288335e-17,5.0237591864288335e-17,3.717354796943564,400.0,25.0,4300.0,8,22,11,16,23,35,29,18,25,13,3,16,42,30,22,30,25,17,14,1,7,28,13,21,44,29,21,17,12,8,6
10,0.06031040707500005,-0.027936525267500012,-0.001086095386000032,1.6963724522229484,1.356272167732701,3.176930087844783,8.937295348232511e-17,8.937295348232511e-17,8.937295348232511e-17,3.620926507045929,1050.0,1375.0,725.0,8,12,13,14,29,30,42,19,25,8,9,14,42,23,25,22,20,24,10,11,15,25,14,27,36,24,18,20,15,6,6
11,-0.014286050462500024,0.05266173590550006,0.05728537058450007,1.6789872244129571,1.461631206447698,2.9851239695083933,4.106957829375091e-17,4.106957829375091e-17,4.106957829375091e-17,3.491740387039658,275.0,3700.0,4100.0,9,11,11,13,27,31,42,25,24,7,1,1,7,33,36,27,26,44,20,5,12,21,14,32,37,23,23,23,7,8,6
12,-0.0819032758965,0.025781899101999947,0.09523332503999998,2.003941644346727,1.6140986747949402,2.908145829322691,2.2204460492503132e-17,2.2204460492503132e-17,2.2204460492503132e-17,3.617202403346567,1125.0,4025.0,1725.0,4,13,16,16,22,31,37,34,17,10,3,1,21,41,29,30,41,24,7,3,22,9,14,34,42,27,20,19,3,10,6
13,0.027415137849999924,-0.03391918435100001,0.02622423692349999,2.0295947191958117,1.5318679129818202,3.151812330767597,1.0880185641326534e-16,1.0880185641326534e-16,1.0880185641326534e-16,3.778762855933163,1400.0,3900.0,4225.0,4,11,16,13,22,42,32,25,22,13,2,5,34,34,35,31,33,18,6,2,31,11,12,32,39,27,12,15,11,10,6
14,0.06806477997649997,0.006822048763000033,-0.12366865787099993,1.8017025234322366,1.5406205207323096,3.1899517570508475,7.105427357601002e-17,7.105427357601002e-17,7.105427357601002e-17,3.727614439300553,1100.0,4975.0,4975.0,1,13,13,15,19,48,34,29,23,5,2,0,8,47,36,31,45,24,6,1,8,29,17,24,34,35,16,15,16,6,6
15,-0.010058837535499979,0.038514854440000044,-0.024669660459999986,2.1284811700214767,1.452061772565845,3.033959404606517,4.440892098500626e-18,4.440892098500626e-18,4.440892098500626e-18,3.732198565749921,750.0,2150.0,2525.0,4,5,19,15,23,41,38,30,19,6,2,1,3,36,51,38,39,24,5,1,13,20,13,21,39,43,18,14,14,5,6
16,-0.02735434478250002,-0.04913293465900001,-0.024122299752499955,2.34011182119149,1.2808499707256424,3.194273358079421,9.992007221626409e-17,9.992007221626409e-17,9.992007221626409e-17,3.938882801219859,750.0,4325.0,2175.0,3,13,17,11,28,38,31,22,27,10,2,7,29,37,30,27,22,16,23,7,22,16,13,31,33,29,21,14,11,10,6
17,0.04454244276599999,-0.06089963586100003,0.04680074350750003,2.2284233559453406,1.3422765703731043,3.245655148330057,5.551115123125783e-18,5.551115123125783e-18,5.551115123125783e-18,3.9422205593366595,3650.0,700.0,4375.0,7,15,15,13,23,40,26,23,24,14,13,23,37,20,23,21,18,14,22,9,27,15,17,36,28,19,21,20,7,10,6
18,0.011960878920000027,0.09584975892750006,0.05012809870150001,2.373363848625008,1.3291449385241834,3.083320087152889,3.9968028886505634e-17,3.9968028886505634e-17,3.9968028886505634e-17,3.878561753330265,350.0,2825.0,3300.0,7,12,18,17,41,31,29,26,13,6,12,20,21,26,25,24,22,19,21,10,16,19,12,26,38,29,26,16,11,7,6
19,-0.07190537109900001,0.03205229664000006,0.03264960721950003,2.455538408263974,1.2613470166813872,3.1208013289963574,2.6645352591003756e-17,2.6645352591003756e-17,2.6645352591003756e-17,3.933292277097936,350.0,4325.0,2825.0,6,13,23,22,37,32,18,26,17,6,9,13,23,26,30,31,22,21,17,8,14,18,9,34,33,30,26,18,10,8,6
20,-0.01464273315200002,-0.07001737598749999,0.031033281487999987,2.22949800571685,1.260364756022766,3.2043044716945737,3.608224830031759e-17,3.608224830031759e-17,3.608224830031759e-17,3.8769127543528894,1825.0,4650.0,4650.0,8,14,18,15,30,31,24,21,20,19,7,18,28,26,31,26,22,19,16,7,13,20,15,27,33,28,22,20,15,7,6
21,0.031558422598000006,0.06385369401849998,-0.07776851507999995,2.293664793274206,1.407028287973024,3.338432635590159,1.7763568394002505e-17,1.7763568394002505e-17,1.7763568394002505e-17,4.055296942067621,325.0,3925.0,2100.0,5,18,13,16,35,34,31,25,19,4,3,13,35,25,25,28,28,21,10,12,17,20,17,27,35,26,24,19,9,6,6
22,-0.052831086101499974,-0.007171687449499992,0.0014569236130000185,2.408899324644155,1.4448614190039282,3.2322546878624228,6.772360450213455e-17,6.772360450213455e-17,6.772360450213455e-17,4.049326995114345,325.0,4925.0,4950.0,7,16,17,18,33,29,29,25,22,4,6,18,30,24,22,30,26,23,12,9,13,19,15,31,40,27,25,14,10,6,6
23,-0.004019601054999976,-0.10837674821150003,-0.04872672959100004,2.2064990370404223,1.3864247678597277,3.060802042821189,1.5959455978986624e-17,1.5959455978986624e-17,1.5959455978986624e-17,3.8045842977391313,725.0,4450.0,2925.0,4,17,13,13,24,29,28,21,26,25,6,13,29,25,26,26,19,22,24,10,21,18,20,37,34,22,21,16,4,7,6
24,0.08635012156200002,-0.0049870394085,-0.009424507439499998,1.9393641263453283,1.451956997544166,3.167140493503019,7.216449660063518e-17,7.216449660063518e-17,7.216449660063518e-17,3.7582095749881184,2950.0,325.0,4875.0,9,15,11,14,26,34,24,24,28,15,7,14,23,28,11,24,26,23,21,23,23,18,18,38,31,21,18,20,7,6,6
25,-0.013343129525500003,0.11121224965549999,0.04988027708799998,1.9076113739270644,1.4953353795552107,3.0293358559131907,1.3322676295501878e-17,1.3322676295501878e-17,1.3322676295501878e-17,3.6472904578003567,825.0,2975.0,1100.0,2,14,16,18,21,26,32,32,27,12,9,18,28,12,23,18,29,31,26,6,16,22,15,44,35,21,17,17,8,5,6
26,-0.06712685321600001,0.01024298797600005,0.06607753056100002,2.0998058504273875,1.5853705658251396,3.0059513310604045,1.1102230246251565e-16,1.1102230246251565e-16,1.1102230246251565e-16,3.744093821072504,400.0,3600.0,650.0,3,7,20,13,26,24,39,32,24,12,1,9,12,25,26,28,20,41,25,13,4,23,13,35,42,34,21,11,11,6,6
27,0.026133842591,-0.08227434065849998,0.033828963806499995,2.0850165309666724,1.5735442054201418,3.1953332612609526,5.551115123125783e-17,5.551115123125783e-17,5.551115123125783e-17,3.877726069697735,2500.0,1725.0,4200.0,2,6,19,13,18,34,45,25,21,17,1,6,13,36,31,23,28,33,16,13,3,30,13,27,42,31,17,16,14,7,6
28,0.029341583201499984,0.05553410847299999,-0.10117944434149999,1.9492666004647912,1.4334766184936039,3.1058374626235206,6.661338147750939e-18,6.661338147750939e-18,6.661338147750939e-18,3.7131205472214206,1750.0,1750.0,4575.0,17,15,11,17,29,41,17,22,16,15,4,43,24,18,18,28,28,18,11,8,28,19,16,31,30,25,14,18,12,7,6
29,0.0016608997534999792,0.046240047966999986,-0.046179693175999965,1.8087536959282386,1.5106737466903848,2.7674153582683148,4.107825191113079e-17,4.107825191113079e-17,4.107825191113079e-17,3.441129761962909,1750.0,4850.0,4450.0,6,11,15,22,28,36,28,27,20,7,9,14,35,18,19,23,31,27,16,8,16,22,18,38,30,29,17,19,8,3,6
30,-0.027764647380500006,-0.07359758584849999,0.028127334841999946,1.7143137785707658,1.4208474614972668,2.319680073445312,5.329070518200751e-17,5.329070518200751e-17,5.329070518200751e-17,3.019802671048573,450.0,1150.0,1125.0,3,6,10,21,38,45,37,27,10,3,13,19,18,16,27,30,33,28,13,3,2,4,17,22,36,42,37,20,14,6,6
31,-0.007596732263499972,-0.052480138138500027,0.022001451786499995,1.8161018818929409,1.0709815342777023,2.2665399432303337,2.7755575615628915e-18,2.7755575615628915e-18,2.7755575615628915e-18,2.8554889740308687,450.0,1225.0,1100.0,2,6,14,21,41,38,35,20,19,4,7,13,12,28,49,45,30,13,1,2,2,9,11,22,43,50,33,17,10,3,6
32,0.0746285914165,0.025194491067500015,0.03234535197400004,1.9157348069670603,0.8256948639723953,2.7595528272954613,3.9412917374193055e-17,3.9412917374193055e-17,3.9412917374193055e-17,3.2076544996517886,375.0,950.0,1075.0,13,18,16,25,21,21,30,17,17,22,8,8,24,41,57,45,14,1,0,2,14,16,15,31,45,29,17,14,13,6,6
33,-0.020739313580999987,0.03651800135300005,-0.010378170664999957,1.9956749817933557,0.8198180244372099,3.0284238498263933,6.439293542825907e-17,6.439293542825907e-17,6.439293542825907e-17,3.466959155048822,400.0,3475.0,4350.0,11,19,21,31,27,26,22,19,18,6,7,8,11,15,35,45,48,18,9,4,18,22,11,40,31,25,20,15,11,7,6
34,-0.06464285711100003,0.01524108918899999,0.03038478388500004,2.156256524075033,0.8657100181991503,2.981287112133272,3.3306690738754695e-17,3.3306690738754695e-17,3.3306690738754695e-17,3.5258460648324057,1775.0,3500.0,4350.0,14,23,24,30,27,23,17,16,17,9,3,7,11,18,30,48,42,20,14,7,24,17,10,37,38,28,19,6,13,8,6
35,0.0036152652324999944,-0.02271839346999999,-0.047594194543000026,2.134773286759721,0.8366451187316486,3.0057427336438205,9.853229343548264e-17,9.853229343548264e-17,9.853229343548264e-17,3.5391667529334576,1400.0,4950.0,4950.0,7,15,22,34,23,32,22,17,19,9,3,5,14,17,34,56,31,26,8,6,16,23,9,23,40,32,21,18,8,10,6
36,0.06433178361100003,-0.007378396698999996,-0.09002128239149995,1.8191771123913116,0.8492926547595054,2.915562002986506,4.9404924595819467e-17,4.9404924595819467e-17,4.9404924595819467e-17,3.280387986689917,2250.0,4975.0,4825.0,4,4,19,24,34,33,32,17,19,14,4,13,16,25,44,46,31,13,4,4,14,21,16,28,38,30,17,24,7,5,6
37,0.02630642407000002,0.024985951205500005,0.04019239547850001,1.7911241598845058,0.7240409510250793,2.8151076987854804,1.7763568394002505e-17,1.7763568394002505e-17,1.7763568394002505e-17,3.1342552703956907,1100.0,1100.0,2600.0,12,22,19,28,33,20,28,11,19,8,4,5,13,24,57,52,32,9,1,3,11,19,15,33,40,31,14,21,13,3,6
38,-0.07008732840649995,-0.008836800767000011,0.034275405200499987,1.9922145388007029,0.7913199732795851,2.7959248202302724,7.993605777301127e-17,7.993605777301127e-17,7.993605777301127e-17,3.2345749312664105,25.0,3350.0,3750.0,2,2,20,33,34,34,24,21,22,8,2,1,10,16,26,54,45,31,9,6,11,20,12,41,35,31,18,15,13,4,6
39,-0.015269933124999977,-0.060684888617500016,-0.026405027897999984,2.074104940663425,1.0111681495017748,2.885366843857322,5.329070518200751e-17,5.329070518200751e-17,5.329070518200751e-17,3.3999295958912428,25.0,25.0,675.0,3,3,23,28,36,37,22,22,16,10,5,11,16,32,48,35,34,11,4,4,11,25,16,38,37,29,19,16,5,4,6
40,0.042911998026999985,0.0013933542009999969,0.027092682835000055,2.067549640004613,1.0216804549674443,2.950420731608627,3.7470027081099036e-17,3.7470027081099036e-17,3.7470027081099036e-17,3.464466040287046,25.0,975.0,1525.0,4,6,23,31,29,38,24,21,15,9,10,10,19,45,35,33,30,10,3,5,9,28,15,39,33,29,20,18,4,5,6
41,0.043265157067999986,0.055512879184500014,0.01073838252850003,2.0091840261970386,0.9602817351582326,2.8871116636979943,4.218847493575595e-17,4.218847493575595e-17,4.218847493575595e-17,3.397036449428811,2250.0,25.0,3375.0,2,9,15,36,22,33,33,26,12,12,10,20,21,25,37,40,31,12,2,2,29,13,35,35,21,24,18,14,6,5,6
42,0.018378535389999996,0.021953975844999984,-0.06891064716099997,2.150785676798567,0.8979528991685257,2.857240911880358,2.6645352591003756e-17,2.6645352591003756e-17,2.6645352591003756e-17,3.432723222426716,25.0,4150.0,400.0,7,15,32,21,26,40,19,20,12,8,6,20,14,18,27,39,32,22,15,7,22,14,26,47,22,22,25,12,5,5,6
43,-0.08729536723649996,-0.010220720987500022,0.05738657631400001,2.229627066232459,0.8834151850878038,2.87086265851585,1.2212453270876722e-17,1.2212453270876722e-17,1.2212453270876722e-17,3.461088483253432,25.0,4350.0,2250.0,5,10,32,29,20,41,22,20,12,9,4,12,19,34,32,34,33,16,10,6,12,21,11,47,32,31,20,13,8,5,6
44,-0.015557740452999971,-0.044531394137,0.005114820719500019,2.148296203180129,0.9221569404863404,2.902429635223566,2.6645352591003756e-17,2.6645352591003756e-17,2.6645352591003756e-17,3.4468394263624216,325.0,2525.0,425.0,6,7,28,29,24,35,30,17,16,8,4,12,19,36,30,37,29,15,10,8,11,23,16,40,33,32,18,10,10,7,6
45,0.04302708530949997,-0.005510425223499993,-0.029223629187999933,2.194494393374969,0.8895964975124642,2.8863919668901312,6.772360450213455e-17,6.772360450213455e-17,6.772360450213455e-17,3.4564547835299204,25.0,1750.0,1500.0,9,8,36,23,28,37,24,17,13,5,4,13,11,29,25,37,35,25,13,8,8,28,20,45,27,25,19,15,8,5,6
46,0.026891767967500004,0.033766989113999994,0.029143303414500013,2.191289128686528,0.8568499363451182,2.8692587394041373,5.773159728050814e-17,5.773159728050814e-17,5.773159728050814e-17,3.4329204733681866,3475.0,975.0,3900.0,7,16,33,19,27,38,25,17,12,6,6,13,7,25,25,31,31,36,22,4,9,27,16,46,28,28,12,24,5,5,6
47,0.048111831606500004,0.02123773303100001,-0.023177051180500015,2.031944395376273,0.8477422326980228,2.544313908790575,1.2212453270876722e-17,1.2212453270876722e-17,1.2212453270876722e-17,3.1107324614342517,25.0,3325.0,3975.0,5,7,22,33,24,42,35,16,11,5,11,7,19,26,27,41,33,25,9,2,6,21,16,36,42,27,21,16,12,3,6
48,-0.07931164626099999,0.020714604432000003,-0.011105143787999976,2.009750680159517,0.9198563287347652,2.3981450536443583,2.2204460492503132e-17,2.2204460492503132e-17,2.2204460492503132e-17,3.0152180771376305,3850.0,4650.0,425.0,8,7,12,38,24,27,42,22,12,8,3,13,19,22,34,34,34,26,11,4,6,20,20,45,32,30,23,14,7,3,6
49,-0.054955206842499986,-0.0016437684749999882,0.0160170150865,2.056316103748692,0.9860469472932412,2.5431538113259515,2.220446049250313e-18,2.220446049250313e-18,2.220446049250313e-18,3.161531693305818,1175.0,2325.0,1150.0,8,8,34,28,23,29,34,14,17,5,3,21,23,19,29,35,34,24,6,6,6,20,19,47,33,28,19,14,8,6,6
50,0.05941970127099996,-0.06648230294700004,0.08638877635850005,2.09147254621528,1.207172141624219,2.725565013885107,1.3322676295501878e-17,1.3322676295501878e-17,1.3322676295501878e-17,3.366128891423657,4600.0,4600.0,4575.0,5,5,13,37,23,36,34,21,16,10,4,4,21,43,41,58,19,8,1,1,4,22,24,48,30,30,20,9,10,3,6
51,-0.013645374889000033,-0.04464583539100002,-0.032496963711000026,2.0649647417510177,1.3141953683563314,2.8285195696170837,8.631984016460592e-17,8.631984016460592e-17,8.631984016460592e-17,3.4593256569817314,2275.0,2550.0,2275.0,4,7,14,38,25,34,29,26,13,10,6,9,13,41,41,51,29,8,1,1,10,19,25,40,35,30,19,8,12,2,6
52,0.004205464139500002,0.028494097787500006,-0.04099876043349991,2.113976723195856,1.1474092441868597,2.7465423020349076,4.218847493575595e-17,4.218847493575595e-17,4.218847493575595e-17,3.381591855897397,325.0,2425.0,400.0,3,3,11,40,25,32,40,28,12,6,2,8,11,15,43,36,41,26,13,5,11,19,17,34,42,26,26,12,9,4,6
53,0.07164714259200003,0.01637441371750002,0.012937990264999984,2.2304805183379344,1.0596679338561432,2.7948273675628976,4.662936703425657e-17,4.662936703425657e-17,4.662936703425657e-17,3.4840879591011555,2275.0,1175.0,3450.0,5,6,14,29,25,31,48,20,14,8,4,16,16,40,31,33,31,19,8,2,8,20,16,43,28,28,31,11,9,6,6
54,-0.05235245122599997,0.020693901433999993,-0.05310319654050004,2.202807169591051,1.052241516777854,2.7700935641156588,1.1102230246251566e-17,1.1102230246251566e-17,1.1102230246251566e-17,3.4338918084901895,825.0,1950.0,3900.0,5,12,28,26,27,31,34,18,12,7,4,3,17,19,28,39,30,39,17,4,7,23,14,43,31,36,22,11,7,6,6
55,-0.04433453976099997,0.037131443575000006,0.02539270940099998,2.33345363690517,1.1416453311987618,2.689108344384983,4.4408920985006264e-17,4.4408920985006264e-17,4.4408920985006264e-17,3.4387806992704424,25.0,3725.0,1150.0,6,8,17,32,25,23,38,21,19,11,9,7,8,20,29,44,39,31,8,5,6,15,16,27,51,40,16,16,7,6,6
56,0.009589554826500028,-0.01876296965099998,0.08738891837900006,2.2970437068821297,1.3805476164449844,2.8390881270230772,2.2204460492503132e-17,2.2204460492503132e-17,2.2204460492503132e-17,3.6124090068660193,25.0,475.0,4650.0,3,5,7,21,40,26,36,28,27,7,7,9,11,19,20,39,30,47,8,10,6,18,15,36,44,35,20,11,11,4,6
57,-0.015502415759499986,-0.06628361487399996,-0.022448577771000008,2.1082667167985667,1.4851301024887809,3.006102824277983,4.662936703425657e-17,4.662936703425657e-17,4.662936703425657e-17,3.69403071084117,1150.0,3300.0,4650.0,1,6,5,10,38,34,35,33,27,11,6,10,24,16,19,30,26,44,12,13,8,28,15,46,31,29,18,10,9,6,6
58,0.02008117350899997,0.008302334572000003,-0.07072409356850001,2.0104398625810775,1.3930592974334548,2.8663442450451133,6.550315845288423e-17,6.550315845288423e-17,6.550315845288423e-17,3.527873058150167,1150.0,625.0,3375.0,5,8,6,29,29,29,40,23,22,9,2,19,22,16,16,19,33,28,35,10,6,27,19,49,29,24,26,8,7,5,6
59,0.06767257745649999,0.0197553105395,0.03475981957199996,1.8500875520120046,1.3790367327458404,2.753476405986889,4.4408920985006264e-17,4.4408920985006264e-17,4.4408920985006264e-17,3.382849278387992,1575.0,1150.0,4650.0,6,6,12,29,22,25,44,26,15,15,9,11,20,16,22,19,35,40,18,10,6,27,26,42,28,22,25,11,8,5,6
60,-0.009079564331000035,0.02941002312449998,-0.03155282940849998,1.918179650243394,1.4408608704354964,2.940196981903427,1.1657341758564143e-17,1.1657341758564143e-17,1.1657341758564143e-17,3.530547512971401,725.0,1150.0,1125.0,5,8,16,25,27,28,35,23,23,10,7,10,14,13,19,23,34,44,26,10,12,27,43,36,31,23,11,9,6,2,6
61,-0.06062095539749998,0.036479076127500065,-0.034207683313999995,2.184648823083422,1.4317785173361859,3.0472112893321097,5.773159728050814e-17,5.773159728050814e-17,5.773159728050814e-17,3.68458086558995,400.0,4400.0,3400.0,7,3,15,27,26,33,26,28,25,10,5,10,17,12,17,24,38,44,24,9,21,18,42,46,27,20,12,7,3,4,6
62,0.008644823431499981,-0.06884160029849999,0.0883561874,2.3004147850152634,1.5225662505247288,3.1188978249667776,4.3298697960381107e-17,4.3298697960381107e-17,4.3298697960381107e-17,3.855298798500508,2675.0,1925.0,1125.0,9,5,13,28,28,25,26,35,19,12,2,20,22,20,13,30,42,30,12,9,22,16,42,42,25,24,18,3,5,3,6
63,-0.02420884096499999,-0.036980987626499984,-0.02106304247899999,2.1176724212013167,1.5890483824877235,3.1181764496309112,1.609823385706477e-17,1.609823385706477e-17,1.609823385706477e-17,3.818870669670495,3000.0,275.0,4575.0,6,7,11,39,24,26,27,33,19,8,10,24,17,13,19,19,42,39,12,5,20,22,45,34,24,23,18,5,7,2,6
64,0.021508707592000024,0.03244043657650006,-0.026401975966500003,1.9442072522249085,1.4569117232378044,2.8659793556504782,5.551115123125783e-18,5.551115123125783e-18,5.551115123125783e-18,3.5214927228766015,2350.0,4075.0,3475.0,9,9,28,24,24,22,33,27,18,6,5,17,5,21,17,17,32,46,38,2,14,22,42,39,23,24,20,7,5,4,6
65,0.085352685918,0.02363488720350003,0.030286269020499974,1.9903646664526264,1.4090452929985726,2.771953406010336,5.703770789011742e-17,5.703770789011742e-17,5.703770789011742e-17,3.470727182271946,450.0,2075.0,2325.0,6,7,21,25,31,26,39,23,18,4,3,13,10,17,14,18,25,31,42,27,12,22,34,40,25,23,24,11,7,2,6
66,-0.05999382084299995,0.03547690239649999,-0.04048804656049998,2.0753736990004406,1.4639468126915118,2.861624450677987,6.494804694057165e-17,6.494804694057165e-17,6.494804694057165e-17,3.5461830251923554,4200.0,4950.0,4925.0,8,10,18,33,30,23,35,20,18,5,2,1,13,18,19,20,34,41,39,13,12,19,30,47,26,35,16,6,8,1,6
67,-0.06728442512399996,0.0015487399515000154,-0.0057284854460000045,2.1315702365861813,1.4028849318142396,2.8080978784415476,3.3306690738754695e-17,3.3306690738754695e-17,3.3306690738754695e-17,3.505764238397231,1125.0,1400.0,2250.0,7,12,22,34,23,20,33,12,23,14,2,3,9,13,22,26,41,43,25,16,9,21,24,54,31,31,16,7,5,2,6
68,0.05872137685250002,-0.05510773362250006,0.01832906121349998,2.082831159128163,1.2640253944858335,2.8290780229755907,7.993605777301127e-17,7.993605777301127e-17,7.993605777301127e-17,3.4713621860510617,3400.0,4425.0,1125.0,6,18,33,25,23,19,29,11,21,15,4,7,9,17,28,28,35,37,18,17,20,18,35,38,30,23,18,11,3,4,6
69,-0.026264114536999995,-0.02554343265400002,-0.015336933902500011,1.9199182743634482,1.1216440706410777,2.7199410514385582,7.091549569793188e-17,7.091549569793188e-17,7.091549569793188e-17,3.2299427074869107,1125.0,650.0,25.0,17,29,25,26,20,22,21,22,12,6,6,9,14,16,28,33,32,36,19,7,14,22,44,36,21,30,19,8,2,4,6
70,-0.011280943305999984,0.04490568098650001,0.022923653251499986,1.8701849778898305,1.1378804054213525,2.507959179334491,1.6653345369377347e-17,1.6653345369377347e-17,1.6653345369377347e-17,3.0842003395259114,25.0,1550.0,1150.0,9,22,24,28,22,25,21,22,19,8,4,11,15,21,30,25,32,37,15,10,9,18,39,41,24,27,27,8,3,4,6
71,0.09813872258799997,0.022266753271000007,0.017908156874499998,2.055591723088721,1.4050762747840237,2.6802940454966118,3.8857805861880476e-17,3.8857805861880476e-17,3.8857805861880476e-17,3.3981174657849147,25.0,950.0,3450.0,5,8,22,25,25,32,28,23,19,13,2,4,16,17,26,26,29,41,24,15,8,20,31,42,29,37,17,11,4,1,6
72,0.007413750692000044,0.023688580695,-0.07454913340399999,2.299283227727986,1.599857980433956,2.900546778316987,6.328271240363392e-17,6.328271240363392e-17,6.328271240363392e-17,3.7473569083135794,300.0,1100.0,400.0,7,9,20,30,25,37,32,21,17,2,2,2,5,27,24,33,31,48,21,7,13,19,34,35,37,30,12,12,5,3,6
73,-0.06544537914100002,0.0009064591674999834,0.10573595095100004,2.3426371317483166,1.5812888040391395,3.17337167210763,8.881784197001253e-18,8.881784197001253e-18,8.881784197001253e-18,3.911997387149326,1150.0,3375.0,2250.0,7,9,27,32,25,29,37,17,12,5,2,0,5,30,27,36,26,44,21,9,19,23,48,35,24,22,8,14,3,4,6
74,-0.03146761420649999,-0.08814098761900001,-0.00830818062749993,2.286129492518119,1.5083136105404793,3.2737448853353084,5.551115123125783e-18,5.551115123125783e-18,5.551115123125783e-18,3.919553124147506,4475.0,250.0,4475.0,3,10,31,29,27,33,37,14,9,7,1,8,19,17,41,23,33,29,19,10,12,31,40,45,22,21,10,11,4,4,6
75,0.028929004221999996,-0.03430720718650002,-0.08232049525699998,2.141566395036602,1.6234650254335858,3.144245350299557,1.27675647831893e-17,1.27675647831893e-17,1.27675647831893e-17,3.852537889921121,2250.0,2750.0,4900.0,8,27,24,23,36,32,27,12,6,5,2,6,18,24,32,20,35,28,23,12,10,31,27,48,28,29,12,7,6,2,6
76,-0.010458670927000006,0.08890616657000003,0.03470835311449996,2.0339004331067114,1.7354691379186618,2.9450181351924645,3.3306690738754695e-17,3.3306690738754695e-17,3.3306690738754695e-17,3.7179344532642564,1150.0,4175.0,4525.0,8,24,30,19,35,38,28,9,5,4,1,9,19,28,20,14,32,33,29,15,6,21,19,51,33,28,22,10,6,4,6
77,-0.022481338519999994,0.06580908179600002,-0.012123930777999998,2.0953766703319507,1.684071725848676,2.8240094738662838,4.773959005888173e-17,4.773959005888173e-17,4.773959005888173e-17,3.644523897835121,1125.0,2950.0,4350.0,6,19,33,21,31,36,28,16,5,5,5,18,22,14,14,25,24,34,27,17,10,22,23,47,32,25,18,11,6,6,6
78,0.03508338267000005,-0.05140512142299998,0.08023974147750002,2.2136058780452417,1.6230940634005524,2.9951327748197247,4.440892098500626e-18,4.440892098500626e-18,4.440892098500626e-18,3.770057782894769,2275.0,4075.0,4550.0,6,21,32,20,23,33,31,18,10,6,4,15,20,22,27,23,23,36,21,9,14,22,38,46,24,24,14,10,5,3,6
79,-0.01913138770650002,-0.07187841672849998,-0.032147919106999955,2.297539039957286,1.4910557064481305,3.1680590062105365,1.6653345369377347e-18,1.6653345369377347e-18,1.6653345369377347e-18,3.8530955556074122,3425.0,1375.0,3425.0,9,25,27,20,20,43,26,13,9,8,3,10,19,20,40,26,26,34,15,7,13,24,31,51,24,23,14,7,10,3,6
80,0.008178800551999953,-0.0014192507635000108,0.0011134768214999414,2.3671516292030645,1.4873833737664743,3.3407634098956027,8.1601392309949e-17,8.1601392309949e-17,8.1601392309949e-17,3.9935468037872006,25.0,1525.0,425.0,15,28,23,28,42,32,19,8,3,2,13,18,16,31,22,22,29,24,16,9,16,24,47,34,29,23,9,11,4,3,6
81,0.05885356748449998,0.04488821438250004,0.02512099591049996,2.097764182748588,1.4324460569129471,3.102025436569099,6.88338275267597e-17,6.88338275267597e-17,6.88338275267597e-17,3.666516799588307,25.0,2325.0,1150.0,9,18,32,34,49,33,15,6,2,2,10,17,21,29,15,21,38,26,17,6,11,24,45,38,33,26,12,7,2,2,6
82,-0.036657072017999996,0.06073349644500005,-0.07114401687450009,2.0301906421047624,1.3925001888977784,2.7543071342811074,6.661338147750939e-18,6.661338147750939e-18,6.661338147750939e-18,3.4255676662898202,25.0,1100.0,2775.0,13,31,27,28,37,36,16,6,4,2,10,15,24,26,12,22,43,29,17,2,6,21,22,46,35,29,19,10,9,3,6
83,-0.022432770612500007,0.018148631785499997,-0.00986062982049996,2.2876793855937345,1.6466011893258088,2.8231414274771187,2.7755575615628914e-17,2.7755575615628914e-17,2.7755575615628914e-17,3.6819499579314736,1175.0,625.0,3475.0,3,16,37,25,31,40,28,8,8,4,4,8,21,29,18,26,39,41,7,7,7,20,30,46,30,30,20,7,6,4,6
84,-0.024393537706999955,-0.052913743820000046,0.07142805009600005,2.1360626074037232,1.533678167950349,2.8064327670699187,3.552713678800501e-17,3.552713678800501e-17,3.552713678800501e-17,3.5233914105691246,1175.0,4200.0,4625.0,3,10,38,26,31,40,28,13,8,3,4,4,16,36,29,26,41,32,6,6,8,20,26,49,32,30,16,11,5,3,6
85,-0.0133399857075,-0.06706727859900001,-0.0018248880929999478,2.268915653945758,1.4954876953132348,2.986560601824174,4.884981308350689e-17,4.884981308350689e-17,4.884981308350689e-17,3.740086280764663,1150.0,2300.0,1125.0,3,14,34,26,30,35,32,15,6,5,2,2,7,22,30,32,23,35,30,17,4,25,16,46,38,25,21,17,4,4,6
86,0.029422991668499935,-0.028511877969499996,-0.11335938340300006,2.129753849188368,1.5672085369606314,2.747113969213783,4.496403249731884e-17,4.496403249731884e-17,4.496403249731884e-17,3.5034935739164212,1150.0,3800.0,3525.0,3,10,29,27,39,40,31,10,6,5,2,3,11,21,29,19,31,32,35,17,4,23,11,45,45,30,19,16,4,3,6
87,0.02708121929600002,0.0663173600765,0.03586992845350003,1.880511501894158,1.500819072636984,2.2908714364989753,4.107825191113079e-17,4.107825191113079e-17,4.107825191113079e-17,3.07460133399855,2375.0,1900.0,1150.0,11,27,22,25,29,41,23,13,3,6,5,12,17,26,15,25,32,43,22,3,9,14,18,38,37,35,23,19,4,3,6
88,0.026100369551500045,0.003958188834500018,0.09561930490750006,2.235369878928774,1.708633018081123,2.564125699988976,7.105427357601002e-17,7.105427357601002e-17,7.105427357601002e-17,3.553346512755295,25.0,375.0,3575.0,4,12,33,31,20,51,25,15,7,2,8,7,29,26,17,21,34,34,15,9,4,15,24,37,35,38,28,7,7,5,6
89,0.011319976234500005,-0.008722635739000012,-0.02825863174499998,2.1613346253564005,1.6637033361618823,2.7165358476963215,6.716849298982197e-17,6.716849298982197e-17,6.716849298982197e-17,3.5754109795735327,25.0,375.0,25.0,4,10,29,35,23,50,27,16,4,2,8,5,25,32,21,21,34,31,16,7,5,9,25,41,40,32,24,9,9,6,6
90,-0.03466749791200001,0.0701508966975,-0.066317271403,1.7885506373261313,1.3214309089134653,2.449986101024524,3.8857805861880476e-17,3.8857805861880476e-17,3.8857805861880476e-17,3.036254103931364,25.0,4025.0,4025.0,6,20,20,29,27,44,26,18,8,2,2,5,16,28,22,16,32,41,25,13,4,9,16,28,48,38,27,17,8,5,6
91,-0.01796577175799998,0.024628410962000004,-0.0018186569740000096,1.8288599609111957,1.3540050064431846,2.615982798292599,3.6186331708876195e-17,3.6186331708876195e-17,3.6186331708876195e-17,3.144642873983918,1200.0,75.0,1625.0,7,18,20,23,35,42,29,17,6,3,2,12,25,28,20,30,35,34,11,3,3,11,13,42,56,35,23,11,4,2,6
92,-0.011448013663500019,-0.04190055402400003,0.03428476103499999,1.8142659604288738,1.3945522685947933,2.8011373380805344,6.938893903907228e-17,6.938893903907228e-17,6.938893903907228e-17,3.3360078069450534,1200.0,4200.0,4600.0,5,21,22,25,27,43,35,14,5,3,3,14,25,26,34,20,28,30,17,3,2,15,15,43,49,32,20,17,5,2,6
93,-0.017824327609000018,-0.050308663098500024,0.035406896962499976,1.8303428720629784,1.3069653180990106,2.514648099285483,4.052314039881821e-17,4.052314039881821e-17,4.052314039881821e-17,3.180717172490294,1175.0,3500.0,25.0,5,18,20,22,21,32,29,28,17,8,4,18,16,25,31,26,25,23,18,14,10,16,16,43,36,27,24,20,6,2,6
94,0.011749692123500051,-0.02486973100949998,-0.052085271934499966,1.8705663897482991,1.2934602612443795,2.2666715892852585,1.8873791418627663e-17,1.8873791418627663e-17,1.8873791418627663e-17,3.04639789260709,1175.0,1875.0,400.0,7,16,19,26,21,26,32,23,19,11,7,16,18,28,26,21,26,29,17,12,5,10,19,24,45,27,25,20,19,6,6
95,-0.005527301023499996,0.004002194790499941,-0.011007744877499986,2.0389117005999084,1.415058055240883,2.582880664709068,2.886579864025407e-17,2.886579864025407e-17,2.886579864025407e-17,3.2957396322756463,25.0,350.0,350.0,2,1,6,37,33,25,41,37,14,4,1,8,18,23,31,33,32,32,15,7,5,16,27,53,35,32,22,5,3,2,6
96,0.07663542535849999,-0.01850021376999999,0.07614472130199998,2.2565080889743214,1.470507827350587,2.7842160273079646,4.440892098500626e-18,4.440892098500626e-18,4.440892098500626e-18,3.547542088645656,2375.0,325.0,2800.0,2,3,16,32,26,34,52,23,7,5,3,16,18,31,34,50,30,11,6,1,7,19,20,51,36,33,16,11,5,2,6
97,0.0063832457400000205,0.03695234961150001,-0.028461265453999997,2.3418723206801104,1.362148549160473,2.8292297497721743,3.1086244689504386e-17,3.1086244689504386e-17,3.1086244689504386e-17,3.618579356286546,800.0,2975.0,2775.0,4,12,21,22,31,34,46,18,5,7,7,16,31,38,35,41,15,14,2,1,2,5,13,25,55,43,25,21,9,2,6
98,-0.09330416506550002,0.09820029011649994,-0.04863130070599997,2.2395954521132846,1.360877416549983,2.8285881003541764,5.551115123125783e-17,5.551115123125783e-17,5.551115123125783e-17,3.565596000804953,350.0,50.0,4675.0,2,10,22,21,31,35,34,25,15,5,9,11,19,22,24,24,35,20,19,17,2,4,16,43,57,29,29,13,4,3,6
99,0.010185157988499975,-0.00165737261449997,-0.001673727059000063,2.0059134985615525,1.3698611737778925,2.568004010290354,6.550315845288423e-17,6.550315845288423e-17,6.550315845288423e-17,3.2889281268310033,4050.0,3050.0,300.0,11,10,26,24,28,35,21,17,21,7,1,3,14,20,18,32,29,37,29,17,14,31,51,34,24,28,10,4,3,1,6
100,-0.0023650166780000326,-0.063053160248,0.010862851993000001,2.0582607682838776,1.472715095801257,2.5541859334227706,8.770761894538737e-17,8.770761894538737e-17,8.770761894538737e-17,3.3650362819370434,1525.0,1600.0,2275.0,2,9,15,28,32,32,33,16,23,10,2,3,15,24,22,33,33,37,26,5,13,16,34,45,26,28,20,9,4,5,6
101,-0.0025085188925000113,-0.04001901729699996,0.029589088562000012,2.1501107630383243,1.5744376250943846,2.836389905777126,2.886579864025407e-17,2.886579864025407e-17,2.886579864025407e-17,3.646543488164306,2300.0,2975.0,3475.0,6,6,18,27,34,27,33,15,22,12,1,8,16,17,28,22,32,41,29,6,15,20,35,41,29,31,14,7,7,1,6
102,0.041292686861500026,-0.00727273201600001,-0.0023242733585000152,2.2395263218657617,1.6734995137886362,2.9967448845714806,8.881784197001253e-18,8.881784197001253e-18,8.881784197001253e-18,3.842768400445035,2650.0,300.0,3400.0,6,7,21,27,24,29,30,18,23,15,2,7,15,18,17,26,32,45,30,8,12,22,32,46,25,29,17,10,5,2,6
103,0.015630173257000012,0.048168850920499995,-0.022851792883499988,2.2612115713244787,1.7571313672196192,2.992751770961935,5.551115123125783e-17,5.551115123125783e-17,5.551115123125783e-17,3.8956872507529905,775.0,2525.0,3750.0,5,9,19,25,19,33,31,24,22,13,5,5,9,23,24,25,27,41,26,15,13,21,23,52,25,23,24,10,5,4,6
104,0.0217466488205,0.04088331081899999,-0.02004138614849998,2.1014340133163216,1.8559558913731167,3.0773756399465197,2.886579864025407e-17,2.886579864025407e-17,2.886579864025407e-17,3.8888134446914893,1775.0,575.0,4375.0,3,11,13,25,18,36,35,27,18,14,8,13,22,29,37,33,36,20,0,2,23,15,41,38,30,20,16,11,2,4,6
105,-0.042559723629499994,-0.021484030112999975,0.08957469695499995,2.1116582356453746,1.7999420566591293,3.0199249304462197,1.9984014443252817e-17,1.9984014443252817e-17,1.9984014443252817e-17,3.8232543897194624,1150.0,650.0,3350.0,9,13,28,17,28,27,29,21,19,9,9,18,25,26,33,38,38,11,0,2,20,13,40,40,29,27,14,9,5,3,6
106,-0.0472991745725,-0.08563030584149997,-0.02870521396550001,2.1887730553032294,1.5801421722478486,2.8128678624239902,5.10702591327572e-17,5.10702591327572e-17,5.10702591327572e-17,3.67061283400526,3450.0,4600.0,3450.0,4,11,28,30,22,21,34,17,22,11,14,19,19,23,25,30,36,26,7,1,22,17,44,33,24,30,13,9,5,3,6
107,0.027809680134000023,-0.023123714035999995,-0.03720056514949998,2.0116233648222557,1.6187375467818894,2.5890138081422416,6.994405055138486e-17,6.994405055138486e-17,6.994405055138486e-17,3.4550707230165814,2325.0,2625.0,2700.0,2,9,26,29,22,27,40,23,11,11,2,11,31,21,23,29,31,42,8,2,8,24,30,46,26,30,17,14,4,1,6
108,0.07275265445700002,0.05135471529299998,0.024698666800500077,2.0935772889369857,1.670101804010695,2.6326062750102768,5.773159728050814e-17,5.773159728050814e-17,5.773159728050814e-17,3.5618064388383295,25.0,2875.0,2300.0,4,10,26,25,25,30,35,27,12,6,5,5,29,18,16,19,23,39,36,10,8,19,21,47,29,30,21,10,12,3,6
109,-0.0342565504345,0.053266649814000006,-0.04116678308850002,2.252575281041662,1.5968737277111198,2.7230614128421142,6.439293542825907e-17,6.439293542825907e-17,6.439293542825907e-17,3.6777453028980758,3125.0,4100.0,3900.0,7,12,27,25,27,21,31,27,16,7,4,5,24,17,21,18,28,41,30,12,9,24,39,43,24,33,12,11,3,2,6
110,-0.038470120792499986,0.03260293820349999,-0.0026769960510000545,2.0821580894828697,1.442414314590009,2.534029117337035,7.216449660063518e-17,7.216449660063518e-17,7.216449660063518e-17,3.3660236769931373,3175.0,2675.0,300.0,5,7,25,35,22,30,26,20,23,7,1,4,16,23,21,19,31,41,32,12,8,31,49,32,31,28,9,8,2,2,6
111,-0.020392274864000033,-0.031874883776999964,-0.0007572432190000455,1.96693017903323,1.222105856562603,2.3732439718367173,8.881784197001253e-17,8.881784197001253e-17,8.881784197001253e-17,3.092497429538121,1175.0,3675.0,1750.0,4,7,25,32,30,29,24,18,22,9,9,14,22,18,18,36,35,26,17,5,2,13,31,49,32,33,23,9,5,3,6
112,0.03082829823250001,-0.040382650095999964,0.06711536492149998,2.0471789676452867,1.0659907991539999,2.665469187844277,9.103828801926283e-17,9.103828801926283e-17,9.103828801926283e-17,3.2481796195453456,2350.0,1650.0,2350.0,2,11,35,28,29,28,24,23,13,7,3,10,10,21,20,42,46,35,11,2,8,15,30,45,31,31,18,13,4,5,6
113,0.015119893677500013,-0.024726644487,-0.026590425299999998,2.2390589362612685,1.0462839943332882,2.900205470078505,1.6653345369377347e-17,1.6653345369377347e-17,1.6653345369377347e-17,3.515151563509284,350.0,1750.0,4625.0,2,8,35,28,28,30,29,21,12,7,4,8,8,12,17,29,41,46,27,8,14,22,33,40,22,25,20,13,5,6,6
114,0.012116557982000039,0.008070966736500016,-0.012981157105000054,2.2362290707929637,1.1142687717940156,2.8675399572114357,3.3306690738754695e-18,3.3306690738754695e-18,3.3306690738754695e-18,3.542341322189661,350.0,4075.0,3400.0,2,9,33,31,22,30,37,19,9,8,7,10,9,14,20,27,30,41,29,13,14,20,35,36,23,22,26,11,6,7,6
115,0.014899287999500008,0.03426437155400003,0.001960089280000009,2.1852958674262535,1.1782369158329644,2.796988033582797,1.7763568394002505e-17,1.7763568394002505e-17,1.7763568394002505e-17,3.4936776434346943,3425.0,2025.0,3450.0,12,25,30,16,26,44,22,11,8,6,10,10,9,13,16,33,38,35,24,12,17,18,41,35,23,20,25,8,6,7,6
116,-0.03347161147999999,0.012275298111000008,-0.05564177855300003,2.297841397170717,1.1562360636291371,2.6911356460457063,5.662137425588298e-17,5.662137425588298e-17,5.662137425588298e-17,3.4628000414536317,1150.0,4200.0,2700.0,5,25,29,23,23,37,25,12,14,7,10,12,13,14,18,28,35,37,24,9,19,12,45,38,23,26,17,8,6,6,6
117,-0.024653145651500022,-0.017824615133000002,0.020063278560999966,2.307885275826156,1.0299777638239203,2.62485709768993,1.4432899320127036e-17,1.4432899320127036e-17,1.4432899320127036e-17,3.3766565237048023,3475.0,3275.0,3900.0,5,15,26,31,22,28,37,15,15,6,9,12,14,19,21,25,30,38,23,9,11,17,37,42,23,33,16,11,5,5,6
