window,x_mean,y_mean,z_mean,rv_mean,x_std,y_std,z_std,rv_std,x_min,y_min,z_min,rv_min,x_max,y_max,z_max,rv_max,x_rms,y_rms,z_rms,rv_rms,x_signal_changes,y_signal_changes,z_signal_changes,rv_signal_changes,0,1,2,3,4,5,6,7,8,9,10,11,12,13,14,15,16,17,18,19,20,21,22,23,24,25,26,27,28,29,30,31,32,33,34,35,36,37,38,39,user
0,0.018203023881391663,-0.02856046292152989,0.055051043680250336,2.9896047624059943,2.041349306733339,1.4779771135090953,2.710257791803618,2.18253560573934,-6.214919280624108,-6.08545713653803,-7.070544784147749,0.11955839034056705,5.651493991775892,3.63120846546197,9.751382063852251,11.047683269811014,2.083719171089554,1.092616024049484,3.674263957721254,6.850599152860292,37,43,39,0,3,5,14,22,25,71,37,9,10,4,2,0,6,7,13,48,72,32,14,6,5,7,19,59,58,30,12,4,1,5,50,43,32,29,21,10,10,1,3,1,3
1,0.06805263716439171,-0.08138373144552992,-0.05463260698074961,3.9836035532798078,2.352594685614071,1.9286741565611372,3.23959063199943,1.9734677968276704,-6.8986451241241085,-6.342932943038029,-7.464854848247749,0.25150138166431596,5.861330266075892,4.7392591278619705,9.751382063852251,9.763924728562086,2.769666458102301,1.8632036569654047,5.24896609234199,9.881836207409693,30,42,41,0,4,3,14,20,32,44,44,24,11,4,6,2,9,10,24,58,53,26,11,1,10,17,19,32,45,48,18,4,4,3,9,30,34,46,27,15,15,20,1,3,3
2,-0.05999398023060834,-0.007275858439529823,-0.07915004069374972,4.343042511429275,2.573307996593065,2.232514110345057,3.3449137250140892,1.9855427002829993,-7.409928087624109,-6.342932943038029,-7.464854848247749,0.25150138166431596,5.893308980075892,5.398574021961971,9.523916277152251,9.571183238062696,3.3127566614968615,2.492086095502907,5.5973562783647335,11.402199035364502,32,41,38,0,7,4,9,18,31,37,50,34,4,6,7,6,7,15,33,60,41,13,14,4,10,23,15,27,47,48,17,4,4,5,4,18,36,47,22,24,20,17,8,4,3
3,-0.009104015212608318,0.08295396634997008,0.05762360237375041,4.538350476721502,2.6658820915900328,2.330621742261877,3.4838260414800772,2.0222335653127206,-7.409928087624109,-7.65908144003803,-8.99875283984775,0.8205270222084278,6.0593999259758915,5.398574021961971,10.32592548565225,10.330756832524145,3.553505104676718,2.7193395330184917,6.0701821834226335,12.343026821117844,28,37,34,0,5,5,14,19,32,33,51,28,6,7,2,4,9,11,18,46,65,23,14,8,2,12,23,19,54,53,23,4,5,5,9,34,30,46,26,18,19,9,5,4,3
4,0.026264839129891682,0.03992659083847008,0.09852382062625037,4.539880540439579,2.517992856215142,2.2724814261399966,3.6691203694691414,2.09006692188419,-6.863018395124108,-7.65908144003803,-8.99875283984775,1.0484991089270872,6.273089807175892,4.946965893161971,10.48405028995225,10.494396716935906,3.1704889328625048,2.5828829824036257,6.7360756144420835,12.489447529708213,29,35,36,0,2,10,12,28,33,39,42,21,8,5,3,4,8,11,15,35,61,44,13,6,6,10,23,18,49,59,20,5,3,7,16,34,33,41,25,16,17,9,6,3,3
5,-0.07939793154960834,0.03172434171597015,0.04540423058875035,4.408964886437603,2.4424472622225406,2.2268657672212777,3.527312315254796,1.9841402629390428,-5.535130147724108,-6.748275864638029,-7.824770193647749,1.0484991089270872,6.273089807175892,4.946965893161971,10.57920710195225,10.689229681918707,2.9859263301363668,2.479968789539661,6.221996856751758,11.687891976427792,30,41,39,0,11,12,19,36,34,33,35,11,5,4,4,8,5,14,24,42,53,32,12,6,14,14,20,27,56,50,5,4,7,3,15,36,47,32,21,22,14,8,3,2,3
6,0.03413517153489167,0.010920255518470156,-0.07051667806724962,4.337942390153785,2.5106993559033484,2.1262255567837083,3.3424271103629746,1.7845947006678868,-4.938235871524109,-6.16806007833803,-7.33519174764775,1.3944067824612594,6.183089153675891,4.75085508436197,10.57920710195225,10.689229681918707,3.1523882328346025,2.2604771851503895,5.588395794987519,11.001261212972514,25,45,34,0,15,19,25,23,37,27,28,14,6,6,8,5,5,14,35,39,48,28,11,7,13,18,19,37,55,38,9,5,4,2,30,27,48,28,26,26,9,4,1,1,3
7,0.05248130413539167,0.022643400360970106,-0.1888916845217498,4.373881602415364,2.5557727191384316,2.006306021904276,3.4236235312077934,1.7850890555540495,-5.505131189224108,-5.458838407338029,-7.33519174764775,1.3190148860087745,6.4179747856758915,4.0568460683619705,8.99951670085225,9.18805005130289,3.267364239588,2.012888288554633,5.878439075960593,11.158691604103224,25,42,28,0,9,17,17,31,37,36,23,19,5,6,7,6,12,11,23,35,48,36,14,8,13,24,15,23,46,43,20,5,6,5,23,24,29,30,27,27,23,11,2,4,3
8,-0.06403469059660831,0.04068834919497014,-0.057801107743249654,4.394808463204839,2.4507274065976,2.0579640605370337,3.562345981543111,1.9042965397454603,-6.021430910424108,-5.838412014138029,-7.36184331374775,0.6738154220518005,6.4179747856758915,4.095674879461971,8.69958065805225,8.777068570617374,3.005082631524201,2.1184358081111423,6.346824930136348,11.470343369771697,24,40,33,0,9,15,13,27,36,45,35,13,4,3,6,5,10,13,16,38,49,37,15,11,14,21,15,16,49,44,19,8,7,7,9,23,29,26,21,29,26,23,7,7,3
9,-0.018161254119108308,-0.021258262745029812,0.1700123493407504,4.567220472838235,2.429672940208273,2.1022842301456173,3.903881693232814,2.175634379154579,-6.021430910424108,-5.838412014138029,-11.84569218834775,0.6738154220518005,6.0332561027758915,4.095674879461971,10.17035106565225,12.681211213738306,2.9518202137657488,2.2100254490269413,7.634598236843332,12.796443899636023,25,44,33,0,8,11,17,31,22,43,38,23,2,5,9,6,5,13,17,40,53,31,16,10,2,2,18,21,22,54,51,13,7,10,15,47,40,30,35,16,13,2,1,1,3
10,0.03836362845589168,-0.1269352084660299,0.08758996245475031,4.6660602513752245,2.480503675680623,2.291427857527258,3.9387606961321726,2.273876421424053,-6.280000347124108,-6.5816949954380295,-11.84569218834775,0.7731373748498495,6.108038161975892,4.92431601376197,10.52768494135225,12.681211213738306,3.0771851265266914,2.6333770867001403,7.760753911459209,13.471316124686032,30,43,31,0,6,7,18,30,28,44,29,26,6,6,9,8,9,9,14,48,59,31,11,2,2,4,20,17,25,62,48,6,10,6,20,42,38,30,33,20,11,2,3,1,3
11,0.048786121623891676,-0.12988881061202984,-0.0708404855632497,4.509463773259967,2.51461691683776,2.3736072140988362,3.573129597834055,2.100849972992488,-6.678725438424109,-6.5816949954380295,-8.96471134164775,0.7731373748498495,6.725198894275891,5.47715705616197,10.52768494135225,10.669723685221012,3.162839162054872,2.825441154972124,6.38613674865629,12.374417065683287,34,38,36,0,3,12,15,27,34,44,40,16,5,4,12,6,9,12,25,54,52,22,4,4,2,20,20,21,54,53,17,3,7,3,16,31,32,33,28,30,16,10,1,3,3
12,0.010582161913391648,-0.01011764558052991,-0.033196017377749715,4.322969029497878,2.4003454928381434,2.2036083699203055,3.4279921427617106,1.9188365116085364,-6.678725438424109,-6.229887358438029,-6.84655162264775,0.9436367645032153,6.725198894275891,5.47715705616197,10.38508586685225,10.445845187508304,2.8808852335695745,2.4279961073674614,5.876116053202882,11.18499739413992,33,41,40,0,2,12,17,24,35,46,46,10,6,2,10,6,7,14,35,47,52,19,8,2,18,20,15,46,45,38,6,1,6,5,12,41,41,29,32,21,13,6,1,4,3
13,-0.05402876007360833,0.027115787071970095,-0.0019097686962495563,4.290100630994136,2.329254931288326,2.24690339900424,3.448366680883584,1.9909622751824452,-6.219339942124108,-7.700132097738029,-7.08568445124775,0.8356768976618958,5.314088258075892,4.762168333661971,10.432887263052251,10.643688600998312,2.7141738209230395,2.524655075182668,5.945618206522271,11.18444710262798,32,38,41,0,3,12,15,21,30,37,37,29,11,5,2,7,5,7,16,37,61,45,12,8,9,27,15,46,44,41,5,2,5,6,11,44,40,28,36,19,10,6,1,5,3
14,-0.0361969384756083,0.0202887570374701,-0.016647210569749642,4.313661437910969,2.3149623542946802,2.2530877457788283,3.557913883555857,2.118615178718532,-6.219339942124108,-7.700132097738029,-9.63416974554775,0.7158655513941328,5.389752817375892,4.809259533661971,10.432887263052251,10.643688600998312,2.6801804600782906,2.5384080119204246,6.329514166209634,11.548102638208352,30,40,37,0,2,13,13,22,30,40,34,33,9,4,2,7,6,8,13,39,62,43,12,8,2,8,28,18,50,66,14,3,4,7,11,44,37,23,41,17,11,6,5,5,3
15,-0.015468003425608336,0.014657036294470073,0.0008502036947503667,4.127363817727458,2.259121768008251,2.125583988654498,3.3739480216849422,1.992633040815169,-4.940462062524109,-6.3717808385380295,-9.63416974554775,0.5715246594682437,5.725525228975892,5.352731820661971,10.09247033445225,10.590620470654326,2.5519352109093507,2.2591610607686508,5.691762987939034,10.502859259617033,30,42,33,0,14,13,19,27,29,47,27,16,4,4,7,8,6,10,29,59,55,13,10,3,2,9,22,20,44,67,21,7,3,5,10,43,37,30,35,23,10,6,4,2,3
16,-0.000406837709608342,0.005158626891470122,0.005567525467750349,4.056627093831895,2.277999320449799,2.0254336277866702,3.354289161900943,2.0215717800914494,-5.044487978724108,-6.11369143273803,-7.96341854094775,0.5715246594682437,6.415502760475892,5.352731820661971,10.03176519355225,10.186910401636927,2.5946405347433346,2.05120399600024,5.625643389492979,10.27148792023656,29,42,33,0,13,12,21,31,40,47,20,9,4,3,7,9,3,13,36,53,56,15,6,2,8,20,15,22,53,58,12,4,5,3,17,39,40,22,23,32,13,7,6,1,3
17,-0.001215492883608299,0.028263340257970136,-0.0016901626627496248,4.201462846633159,2.2986171415358285,2.0914286945198044,3.5733546643091407,2.1851982526534206,-5.044487978724108,-6.161733088038029,-7.96341854094775,0.43688402307715446,6.415502760475892,5.555599010161971,10.34335688445225,10.497095072571325,2.6418211203926485,2.187436400331673,6.384433206794862,11.213690727519188,27,42,35,0,11,11,27,33,41,34,28,8,3,4,7,10,5,8,40,55,53,15,5,2,8,24,15,25,53,57,4,4,4,6,15,35,44,19,28,28,16,6,5,4,3
18,0.01272915500289172,0.028622858790970106,0.0014006157972503942,4.097071887081211,2.224099872258545,2.1720921032576723,3.310210912743234,1.958848091839964,-5.745781527724108,-6.161733088038029,-7.3218894350477495,0.43688402307715446,5.730085038075892,5.555599010161971,10.34335688445225,10.497095072571325,2.473391136583784,2.3594016865398535,5.478749124284499,10.311541947408132,32,36,36,0,5,11,14,25,42,33,41,19,5,5,9,7,7,5,47,54,45,13,9,4,9,25,15,34,51,48,5,6,3,4,12,36,37,33,30,29,16,2,2,3,3
19,0.010705696499391699,-0.006988664480029769,0.0006539995592503855,3.9183743658611423,2.150336429595375,2.0791741657693064,3.0917100053124362,1.775412329303529,-5.745781527724108,-5.681223180738029,-8.526082105647749,0.38108936570616925,5.764983162875891,5.01420950586197,8.11067517725225,9.778433425289869,2.31203068619126,2.1615070265168517,4.77933559233223,9.252873305040344,35,38,36,0,5,11,13,22,41,43,37,19,6,3,9,5,8,12,46,54,36,14,9,7,1,9,23,19,37,43,49,7,6,6,9,34,32,39,33,27,15,9,1,1,3
20,0.016619606910891645,-0.025282465093529768,-0.005214049131749652,3.958156468223813,2.225442784904195,2.069389076171396,3.170674837633954,1.9031777734111301,-5.399999573624108,-6.43094086943803,-8.526082105647749,0.38108936570616925,5.764983162875891,5.85786271396197,8.11067517725225,9.778433425289869,2.4764359001080045,2.1415051758093564,5.026603056156724,9.644544132074085,29,44,36,0,8,11,21,19,34,45,40,12,5,5,4,7,11,12,40,71,35,9,10,1,2,9,22,24,30,44,49,7,5,8,10,38,28,36,28,29,18,9,3,1,3
21,0.042939364234891676,-0.05109778736502982,0.000744451333250361,3.9471883082969548,2.201947631142891,1.9858983483512886,3.2342053897801377,1.9174488023123786,-5.399999573624108,-6.43094086943803,-8.41316017244775,0.5018949914006436,5.612664751075892,5.85786271396197,8.86664535065225,9.201439198887442,2.425208579648345,1.973201616928989,5.230042528745343,9.628452725322674,26,43,32,0,7,10,19,25,34,36,46,13,4,6,3,9,9,13,36,71,42,11,5,1,3,13,22,20,35,66,22,8,5,6,12,34,33,29,24,27,21,13,4,3,3
22,0.018588672631891685,-0.021990434838029805,0.01888876522475035,3.8529687121590364,2.03274712393627,2.0005413737586095,3.192062554702363,1.8652903306654347,-4.798672127124108,-6.00056636043803,-8.41316017244775,0.5018949914006436,5.960860454275892,5.4408244778619705,8.86664535065225,9.201439198887442,2.0662032043106957,2.0013246836721748,5.094810069292346,9.162337957275218,27,41,36,0,9,10,26,30,39,56,17,5,3,5,8,6,7,13,39,63,42,13,7,2,5,9,21,18,45,56,28,7,6,5,12,34,41,27,24,22,22,12,4,2,3
23,0.005592301205891731,0.014823697895470176,0.029978194936250344,3.8961316310856113,2.108991162111313,2.0473528914453563,3.145710001925332,1.832019929330526,-5.340860121124108,-6.00056636043803,-7.59918465964775,0.7401464992968771,5.960860454275892,5.4408244778619705,8.28252100895225,8.371316713979098,2.2239374978481994,2.095936802064479,4.94819505419235,9.268069354105023,27,40,33,0,6,11,16,37,38,48,22,12,6,4,6,8,9,14,34,65,40,12,9,3,8,14,17,18,43,50,32,7,4,7,18,27,35,27,20,24,21,12,12,4,3
24,-0.0006722323901083005,0.010443477984970135,0.02040869789975039,4.01265169540748,2.2032655052446515,1.9773785822462946,3.306374461946624,1.89622504760443,-5.340860121124108,-6.11987738683803,-8.48348052214775,0.7401464992968771,5.809363799775892,4.44925746016197,8.29950857225225,9.362375438814972,2.42718966924868,1.955067561879394,5.466264298781396,9.848521529909474,28,42,24,0,8,9,18,33,42,37,25,18,6,4,5,7,8,8,19,52,53,31,13,4,4,15,14,17,42,42,45,8,4,9,14,40,30,33,22,28,14,9,8,2,3
25,-0.044615717543108314,0.03891740439597015,0.05277089781675033,3.9486246959899858,2.126700056724495,2.045726055106194,3.2641415995224383,1.943481800798867,-4.983575286924109,-6.310739765938029,-8.48348052214775,0.24443064043546261,5.955564620275892,4.746121238561971,8.97480204115225,9.362375438814972,2.262421846761929,2.0932548284526358,5.328702574694642,9.684379249909204,30,42,32,0,11,8,20,39,40,39,27,8,4,4,6,7,5,11,14,59,53,33,8,4,3,12,19,22,44,54,28,6,5,7,2,26,54,30,24,24,20,9,5,6,3
26,-0.036324523654108334,0.07650749570347015,0.04209961725475037,3.8433128668763885,2.074480023480183,1.9890864789841074,3.232014132940687,1.9858849909340115,-4.462224701124108,-6.310739765938029,-9.22483271494775,0.24443064043546261,5.955564620275892,4.746121238561971,10.010150473452251,10.084947523493655,2.1523934194185195,1.9811592088881045,5.223843866650667,9.357396494957289,35,46,33,0,15,12,29,29,40,43,22,2,5,3,2,10,6,11,18,55,52,30,10,6,1,7,26,22,50,68,11,4,5,6,5,40,48,28,33,22,10,6,6,2,3
27,0.009365382640891705,0.08677892081297019,-0.02566285232524961,3.998792907662379,2.1574523324716277,1.9752788461877944,3.4650476055336554,2.1402836612950984,-4.840153623924108,-5.46237297943803,-9.22483271494775,0.5586611165530659,5.783234270275892,4.41081179816197,10.47603359795225,10.696601514964302,2.327344138639638,1.9546285506472236,6.003606745301997,10.285579434588865,34,46,32,0,13,9,22,26,40,46,28,6,4,6,7,8,9,8,26,48,51,28,5,10,4,8,27,21,52,63,12,2,6,5,18,42,37,35,29,18,6,7,2,6,3
28,0.0038551956118916806,-0.005019234680029845,-0.003024507491249595,4.254352027706079,2.241960226673464,2.2314067564423863,3.5408451369740894,2.1080047632688603,-4.840153623924108,-6.265378345038029,-8.32389312964775,0.9906947067425916,5.939749676575892,4.507642099061971,10.47603359795225,10.696601514964302,2.5132002602594676,2.4896006527067525,6.268796715839309,11.271597628805537,33,40,38,0,14,12,16,35,38,36,28,11,7,3,8,7,10,6,17,47,52,33,11,9,6,16,26,20,52,53,14,3,4,6,27,37,35,31,27,23,6,3,9,2,3
29,0.020301278901391665,-0.13571135719352984,-0.06283265323074962,4.548376733592153,2.3766393438925912,2.4884012379022895,3.635849640864348,2.0964266380513243,-5.810300610724108,-7.52203377503803,-8.99748967944775,0.49808498350240715,5.939749676575892,5.72697531906197,9.96887186935225,10.101416740939838,2.8244133564316174,3.1052791466324776,6.611675276642715,12.541367779706809,28,40,32,0,8,9,18,23,40,39,32,21,6,4,5,8,10,8,25,58,48,22,12,4,5,15,21,18,49,53,22,8,3,6,5,30,33,36,27,26,21,9,7,6,3
30,0.039925868551891654,-0.10425196374252983,-0.05727254637174968,4.521695719862271,2.4048755913311135,2.400766815295837,3.6721937643210865,2.1452565027043935,-5.810300610724108,-7.52203377503803,-8.99748967944775,0.49808498350240715,5.666650414975892,5.72697531906197,10.03808396165225,10.101416740939838,2.8925103423798957,2.8872748866849447,6.74414359364329,12.52392882270813,30,42,30,0,10,6,18,19,35,48,28,20,11,5,3,10,6,12,24,57,48,26,11,3,6,19,15,19,44,61,20,5,5,6,7,27,36,38,20,33,17,9,5,8,3
31,0.00023048471889166588,3.4437414470180896e-05,0.025509992824750374,4.2493578323826435,2.342280311900534,2.2284573756318715,3.4589158332482812,2.088062954614146,-5.677364931124108,-6.8474301635380295,-8.13044210334775,0.5019358485672932,6.555274217475891,4.87424112476197,10.03808396165225,10.098931955136623,2.743138556320034,2.483011138097011,5.982374750614789,11.208524445031832,31,45,36,0,8,15,16,31,41,43,25,13,7,1,4,9,5,12,17,48,52,35,11,7,5,20,20,22,49,62,8,3,4,7,9,34,39,30,21,37,13,5,7,5,3
32,-0.0023693933351083152,-0.0031656238785297943,0.002155115741750339,4.122937612072812,2.310296174786512,2.2683443889355113,3.2852638786188733,2.0681438926933615,-5.8203041887241085,-6.8474301635380295,-8.54966492184775,0.5019358485672932,6.555274217475891,5.06008696946197,9.25021888245225,9.97399859252816,2.6687370146289826,2.572698143994878,5.396481698340891,10.63791685696476,32,43,31,0,5,16,14,34,42,41,31,8,6,3,5,8,6,10,22,49,57,25,10,8,4,13,22,17,45,61,23,4,5,6,10,35,45,23,25,28,16,9,4,5,3
33,-0.009581275722108314,0.03466379565297018,0.03312051441975036,3.6548196715103365,1.9819295683438383,2.074968539944807,2.9546438859420543,1.8995113227251572,-5.8203041887241085,-6.11358567553803,-8.54966492184775,0.7786038582680154,5.993926984675892,5.06008696946197,9.25021888245225,9.97399859252816,1.9640683073600294,2.1533480102448794,4.365508730605097,8.482925048210005,37,43,28,0,1,10,14,31,50,38,37,11,6,2,5,9,7,10,30,59,50,15,9,6,4,5,20,27,51,61,17,5,7,3,26,44,41,33,20,14,9,8,2,3,3
34,-0.043552397700608356,0.13516145027197013,0.03495904678475042,3.3737844346710677,1.8803894114773527,1.8325351242994603,2.751090327149739,1.7611114277729993,-4.714543549924108,-5.49359333123803,-6.952658798847749,0.21862377177716488,6.385524918575892,4.233549890961971,8.84880902205225,9.003031100295741,1.7688805750708085,1.6882267997154328,3.7848600615444767,7.241967436330708,33,43,27,0,8,13,22,42,55,30,24,3,1,2,5,6,2,14,23,60,44,24,13,9,5,10,26,23,61,55,4,7,5,4,12,35,48,32,27,23,7,8,7,1,3
35,-0.0027174732711083395,0.11326335850647012,0.01614278553475033,3.8729738917730128,2.2149815324676907,1.952854438751562,3.210661905115864,2.0102993093809154,-5.217673478124108,-5.49359333123803,-9.46306739244775,0.21862377177716488,6.385524918575892,4.377842446561971,10.94280348845225,11.244504123455377,2.453075286916947,1.9132345236659247,5.154305229243528,9.520615039826398,36,44,29,0,9,10,18,41,50,32,24,10,2,4,7,7,2,18,30,47,37,34,9,9,1,9,23,21,63,61,9,6,4,3,15,39,48,31,35,16,8,4,2,2,3
36,0.0078827323088917,-0.003875966647029887,0.04964617858525039,4.431743563612139,2.4958905977151398,2.1213937440075537,3.778234792953155,2.316685203815059,-6.776296679124108,-6.27671944973803,-10.44513600624775,0.9387396210569834,6.833093832575892,4.377842446561971,10.94280348845225,11.734279071916099,3.1147660066157488,2.250163220115917,7.138761446864945,12.503690673596624,37,44,32,0,2,10,16,30,44,34,41,15,3,5,4,9,7,11,26,35,38,47,16,7,4,8,18,16,58,58,24,5,3,6,22,46,43,27,20,21,6,5,6,4,3
37,0.013151418572391658,-0.10198711896252993,-0.06567371201824962,4.631661784316719,2.5544732055813815,2.2134941613566737,3.9931326549115296,2.4356918205120213,-6.776296679124108,-6.5300139889380295,-10.80399745584775,0.8425257314458598,6.833093832575892,5.0796064236619705,10.732449007652251,11.838061114148466,3.2627531589218406,2.4549788873971803,7.974710718085528,13.692442764404536,35,40,33,0,3,11,19,26,35,46,33,19,2,6,6,6,13,12,24,44,53,31,9,2,4,14,15,13,46,54,35,10,5,4,22,44,37,23,23,25,10,7,4,5,3
38,0.02555294277189168,-0.0958008526475299,-0.09358547201174958,4.54163055371292,2.5102188973865434,2.208333664127703,3.8095695035296977,2.254537025099594,-6.106227732924109,-6.5300139889380295,-10.80399745584775,0.8425257314458598,6.258451091575892,5.40940932146197,10.07648401675225,11.838061114148466,3.15092593284041,2.44295768774384,7.260789021397584,12.854672641981825,33,38,33,0,5,14,20,21,32,47,30,18,9,4,5,8,14,12,30,47,53,25,2,4,2,11,18,16,35,62,33,11,6,6,20,46,35,25,29,23,11,5,4,2,3
39,0.0009150395623916551,-0.038026654965029855,0.001235649366250362,4.46346343864015,2.5176469785526323,2.1593517135135096,3.769442456223236,2.2997793556305437,-5.815895264724109,-6.7050054036380295,-9.33113896294775,0.942493596401539,6.572443499575892,5.40940932146197,10.56079946155225,10.669043562292499,3.1692735729562993,2.33212292457078,7.1043489788038094,12.605745476330888,32,40,32,0,8,12,23,29,38,38,32,9,5,6,5,7,9,11,27,53,54,28,4,2,6,16,14,15,59,58,17,4,4,7,19,44,34,24,24,20,18,6,4,7,3
40,0.0035649557103916594,-0.00934383115852989,0.0228145786827504,4.284454775493631,2.387674462585325,2.161775608253581,3.6775738232744195,2.3543322074838393,-5.815895264724109,-7.25524066733803,-9.33113896294775,0.5331365651428512,6.572443499575892,4.01532366396197,10.56079946155225,10.669043562292499,2.8505010240956694,2.3366805438104294,6.762534865316854,11.94971643322295,32,36,36,0,7,11,20,31,39,47,28,7,6,4,4,6,6,5,13,29,50,52,29,6,7,14,13,15,63,54,20,3,5,6,18,40,36,27,22,24,13,9,6,5,3
41,0.028050149618391692,-0.00335642454152981,-0.0056635406242496675,4.304869450425308,2.4035489973959527,2.2721913677378316,3.561178470308937,2.2562851457348954,-5.686370579124108,-7.25524066733803,-8.91045942254775,0.5331365651428512,6.602918424275892,4.896628944861971,10.73776659355225,11.048784082892098,2.888917296888351,2.581432438604014,6.341012086542147,11.811361822034515,34,36,38,0,9,11,21,27,43,41,30,8,7,3,3,7,8,8,20,36,61,39,14,4,5,17,17,23,61,51,12,5,4,5,13,39,46,26,23,23,17,5,4,4,3
42,0.025422004763891667,-0.03418964717952978,-0.03418360029074968,4.323280219023957,2.456073401316098,2.213309875646954,3.5208773690422945,2.1540302882616174,-5.686370579124108,-6.497363955838029,-8.91045942254775,0.4237849294049852,6.602918424275892,4.896628944861971,10.73776659355225,11.048784082892098,3.016471415489322,2.4499547688052994,6.198872983181513,11.665299167476132,36,38,32,0,11,13,21,22,40,47,27,11,3,5,4,10,10,10,25,40,57,27,13,4,5,20,12,27,56,53,13,6,6,2,14,32,45,28,27,28,16,6,1,3,3
43,-0.05582123785310832,0.042461266298470024,0.038590265569750336,4.154522597701128,2.356997214907507,2.2049949683463668,3.4228003373675535,2.2089253030640266,-6.696946447824108,-8.43816609483803,-8.40812453494775,0.4237849294049852,5.721828347975892,4.708720798861971,9.85096600375225,10.549352257869014,2.7792759408386014,2.4319028847842303,5.858525679040088,11.069704504662923,32,33,25,0,3,9,15,20,24,48,50,18,10,3,2,1,6,11,11,32,60,49,16,12,7,16,13,22,54,57,15,7,3,6,17,41,33,28,24,27,9,15,3,3,3
44,-0.04719861815610841,0.07139181118897016,0.08650366264475035,4.243527730971854,2.417400996779559,2.2088230524035426,3.6079835778414124,2.3974052920643008,-6.696946447824108,-8.43816609483803,-8.75911210794775,0.5519666227960697,6.111826407075892,5.079127356661971,9.85751163855225,10.549352257869014,2.9230276443933274,2.4419980337670704,6.512514190812137,11.877539868972534,32,33,27,0,5,7,15,19,40,43,39,22,8,2,2,1,8,6,18,35,65,45,13,7,8,12,13,18,55,60,17,6,3,8,18,45,29,30,19,19,16,13,5,6,3
45,-0.0065451779561082925,0.009513587361970192,0.05744919498575039,4.16908215593397,2.337365588744619,2.0456225401792216,3.541112211506313,2.1930601682562982,-6.456529203824108,-7.0879992632380295,-8.75911210794775,0.5519666227960697,6.111826407075892,5.079127356661971,9.85751163855225,10.022928488280275,2.7316603674009774,2.092331042616893,6.271388052241821,11.09537946225969,32,36,32,0,4,6,16,28,36,42,38,18,8,4,2,8,4,13,10,62,55,34,10,2,6,16,14,19,54,52,21,8,6,4,17,36,33,28,24,21,16,16,4,5,3
46,-0.01762351169010835,0.07223450875047005,-0.00819391910924971,4.054679925811967,2.3559133650262605,1.930155643080559,3.392378220428397,2.0854795209755914,-5.341209924024108,-7.0879992632380295,-9.267976466447749,0.3762434654668456,5.436100796175892,3.52682483976197,10.83806267665225,10.995973842300707,2.7753191858368234,1.8653593153850734,5.754148565373656,10.394827066595555,33,42,31,0,9,9,20,24,36,38,28,17,13,6,2,3,7,7,6,22,55,50,33,15,3,18,14,21,61,58,10,8,6,1,18,39,35,34,27,26,9,10,0,2,3
47,0.012214739569891706,0.03755537023097006,0.015596632199750453,4.274363304404469,2.5115510029990396,2.1535396559444338,3.4774861426988855,2.1840678940101594,-5.638093313124108,-8.03851099703803,-9.267976466447749,0.3762434654668456,5.569819244175892,4.11582225616197,10.83806267665225,10.995973842300707,3.154018820264122,2.3195717277792283,6.046576563799375,11.52016711184272,32,46,29,0,12,9,11,28,42,25,33,20,13,7,3,2,6,6,7,30,54,52,28,12,4,16,14,22,57,57,16,5,7,2,14,34,39,33,27,26,15,7,1,4,3
48,0.0030129554028916904,0.03436937291347014,-0.012775401958749549,4.217383038817468,2.396496754115263,2.1773654281239683,3.4576963943482943,2.157502051458657,-5.638093313124108,-8.03851099703803,-9.01947449834775,0.7435068270323164,5.569819244175892,4.11582225616197,10.676459773552251,10.809860098356749,2.871602885192629,2.3710507306919677,5.9779137831922045,11.220567399076804,37,46,30,0,10,6,18,29,35,35,29,20,14,4,3,2,8,3,11,25,53,58,26,11,6,12,19,23,57,53,15,8,4,3,20,41,33,31,31,21,10,6,1,6,3
49,-0.032716347152108305,0.05181284818047015,-0.10014339979274972,4.015406751703235,2.3370178034373934,2.0391048898981867,3.299188518048963,2.0963153609898013,-6.237995012724109,-6.45872978083803,-9.01947449834775,0.7435068270323164,6.341392703075892,4.314014992461971,10.676459773552251,10.809860098356749,2.7313612864771564,2.080316661621633,5.447336789074083,10.259014737172867,38,43,32,0,5,6,19,29,38,50,30,14,5,4,3,10,5,9,16,36,50,51,16,4,5,13,18,24,66,45,17,6,3,3,23,44,38,30,25,21,9,4,3,3,3
50,-0.01742391221010834,-0.007826338273529871,-0.1397810489882496,4.199215118325521,2.506588361470795,2.1022210468817564,3.400373036699822,2.156699169680081,-6.741227092824109,-6.45872978083803,-9.00633500834775,0.9008152398896843,7.019284973675892,4.314014992461971,10.13605859825225,10.422074197108795,3.1416444032887743,2.2096972907616985,5.791037765185709,11.142379459236182,35,36,33,0,5,6,15,36,40,45,31,13,5,4,5,8,7,8,21,34,45,51,18,3,6,14,16,20,59,45,30,2,4,4,23,40,43,28,11,23,11,14,5,2,3
51,0.03150574245539172,-0.0007272766315298279,-0.11167532450574967,4.350827699850694,2.4890008302715603,2.113853439992441,3.6918078110632204,2.3187732225774362,-6.741227092824109,-6.65181357913803,-9.97103234374775,0.8912326596668844,7.019284973675892,4.06317215606197,10.95856860265225,11.453209651377442,3.098058872450092,2.2341884473495863,6.820958145965432,12.153205465765115,31,39,31,0,3,6,16,44,38,36,31,17,6,3,4,9,6,8,12,33,54,42,25,7,6,9,18,23,54,53,26,1,7,3,28,42,35,27,30,14,11,7,2,4,3
52,0.02531340855689173,0.004095491676470215,-0.010668843411249525,4.448214232898749,2.382556710055416,2.3334649965146483,3.648645544052986,2.1560174342728473,-5.451596985824108,-6.65181357913803,-9.97103234374775,0.8912326596668844,6.340089877775892,6.068859002461971,11.17421931505225,11.453209651377442,2.838608622641429,2.722537831505592,6.656364065178719,12.217510519325733,30,41,31,0,9,7,29,36,30,33,30,18,3,5,8,8,8,15,39,53,47,13,6,3,4,10,19,24,54,49,27,4,6,3,19,43,35,33,34,16,9,6,1,4,3
53,-0.028858133765608338,0.0009029324994701121,0.05033610335175047,4.571344865055068,2.5299633901242915,2.4464898508545043,3.5921658678912682,2.0966297773696585,-5.725127536624108,-7.74669168973803,-8.45401879034775,1.1632035716071618,6.394649539975892,6.068859002461971,11.17421931505225,11.371043941338952,3.200773773626816,2.992656702810594,6.453094672871832,12.646525149309248,32,45,32,0,9,11,24,35,32,27,34,20,2,6,3,9,5,10,30,53,53,26,6,5,9,15,20,36,47,50,12,4,5,2,25,39,31,35,27,23,9,7,2,2,3
54,-0.01849952159160831,0.02178735412897014,0.17184361041625046,4.665769873079614,2.5922594509000425,2.383731373425418,3.887288583063093,2.402901472896563,-6.080414046624108,-7.74669168973803,-8.45401879034775,0.6310893226697891,6.554780510375892,5.73933734566197,10.97200053005225,11.2356543037047,3.360075646539856,2.841324974726285,7.570271377226777,13.771671998492913,31,45,28,0,7,14,17,31,35,42,30,14,3,7,7,7,2,8,19,57,54,38,6,2,12,16,18,21,53,57,6,5,6,6,20,32,37,25,22,28,18,8,5,5,3
55,0.00796504027739173,-0.013528814947529914,0.11901725074525044,4.601425717274581,2.487641826189145,2.347490759868009,3.898136157005496,2.3949599509604487,-6.080414046624108,-6.877922003438029,-10.36809391984775,0.6310893226697891,6.554780510375892,4.2385486534619705,11.08874796085225,11.273726508114388,3.0942126486361445,2.7554479482497833,7.6048153022642655,13.45447589915019,31,43,29,0,6,12,17,32,36,44,31,12,5,5,10,6,3,7,10,37,49,43,30,5,1,15,16,19,53,59,20,3,7,7,16,40,39,25,22,23,17,9,4,5,3
56,0.014430074121891678,-0.08851879924052991,0.019246943614250347,4.536279699810913,2.5360353058408127,2.3732274744545214,3.6534340679087993,2.2004192648933056,-6.194166772024109,-7.25237323033803,-10.36809391984775,1.0634092771529857,5.864097869675891,4.2385486534619705,11.08874796085225,11.273726508114388,3.2158416497551388,2.820022111662389,6.673975466697568,12.70983922811509,31,42,28,0,5,13,11,23,39,44,25,23,9,8,7,8,5,5,12,39,45,45,23,11,1,15,15,19,53,63,19,4,7,4,21,44,40,22,24,23,14,7,2,3,3
57,0.0100189859853917,-0.03396235914352986,-0.009493620669749602,4.410052024001584,2.52127075032294,2.2418877881228454,3.560143557614238,2.1471549310988762,-6.194166772024109,-7.25237323033803,-8.355809749647749,0.6111313754671975,6.0210670079758914,4.2253793362619705,10.49359737415225,10.661035126604919,3.1784532882570864,2.5136071481864684,6.337356139827793,12.02941657627134,35,40,29,0,5,14,12,29,32,42,28,27,2,9,3,6,9,5,13,43,44,48,15,14,12,15,15,25,51,59,8,6,5,4,11,38,44,18,31,26,16,8,5,3,3
58,0.030411464234391693,-0.05835394967952979,-0.0602526656262497,4.538329822691767,2.4877555564261074,2.4713896127390336,3.62458285110235,2.2013218791831135,-5.461227170124109,-7.299241321338029,-8.87477911914775,0.6111313754671975,6.0416102557758915,5.2841210837619705,10.58209427205225,11.196649365932048,3.094926282842928,3.0555859006987975,6.570615614110154,12.721127797651882,34,42,34,0,12,10,19,36,30,28,36,21,2,6,6,7,10,7,23,51,45,28,18,5,8,15,17,25,50,54,16,7,3,5,14,32,43,24,33,23,17,7,5,2,3
59,0.056271952583391655,-0.052159114108529865,-0.03258426901574955,4.543761041142674,2.541811880621732,2.4127276456151474,3.6073668139065833,2.157855903408155,-6.1456032294241085,-7.299241321338029,-8.87477911914775,0.5938297814402291,6.0416102557758915,5.2841210837619705,10.58209427205225,11.196649365932048,3.231987084558666,2.9119876325501024,6.50707853233091,12.651053249439682,29,40,33,0,6,13,12,33,31,31,36,27,5,6,6,6,9,9,24,45,54,28,15,4,8,15,17,26,46,54,19,7,5,3,14,29,46,23,30,25,22,7,2,2,3
60,0.01713321734939168,-0.006893374731029931,-0.030055038594749596,4.2081056874698115,2.53399586538792,2.015244298044089,3.4061423418093084,2.092185740666814,-6.771015176224108,-5.38678592213803,-7.450783927747749,0.409914296810042,5.992462212075892,4.822689883061971,9.05288213775225,9.231187843141011,3.2107142964699076,2.0306285497071985,5.801354479005562,11.042697325182662,30,44,28,0,3,8,19,21,29,43,38,27,4,8,10,8,10,13,37,45,46,20,8,3,14,13,14,26,48,42,26,8,8,1,15,22,27,38,19,24,23,18,12,2,3
61,-0.0464879548566083,0.012463479228470091,0.00863989102725034,4.1506464872989435,2.47176467760894,2.02459804995387,3.4580824071152634,2.222943245610075,-6.771015176224108,-6.17748843183803,-9.40859352084775,0.409914296810042,5.992462212075892,4.822689883061971,10.28555235305225,10.844427273951101,3.0558908757109897,2.0495763010957457,5.979204291058531,11.084671467865261,34,48,32,0,4,9,13,22,32,47,37,23,6,7,4,7,8,14,25,47,49,32,12,2,2,13,18,19,60,50,22,7,4,5,17,37,38,26,32,22,16,5,4,3,3
62,-0.03864914362810837,0.0951887730829701,0.023219419316750353,4.069842263815988,2.4200872929194754,1.881500877427488,3.4911496895317833,2.243317177695429,-7.317783440024108,-6.17748843183803,-9.40859352084775,0.4573866424545391,5.821868291875892,4.53372182896197,10.28555235305225,10.844427273951101,2.92915813082675,1.7745532271407245,6.094332648075638,10.798044006043112,34,39,37,0,3,6,9,14,42,41,43,29,8,5,2,4,9,15,30,39,46,37,16,2,3,15,13,18,65,45,23,11,1,6,17,41,42,25,29,19,14,5,5,3,3
63,-0.028704482617108323,0.08070375263347015,0.03193290271325039,4.200607618666293,2.4978976134343602,1.9840204550267067,3.444623852436416,2.0986937664245335,-7.317783440024108,-6.38386624183803,-8.617670431847749,0.4573866424545391,5.821868291875892,4.969998766061971,9.53759634175225,9.749670157158329,3.1201582172616953,1.9714251308267519,5.933226597524799,11.02480994561324,28,37,35,0,3,6,9,21,39,32,43,34,9,4,5,3,8,9,36,45,54,26,10,4,6,14,15,19,53,49,24,9,7,4,12,26,40,31,29,20,17,16,4,5,3
64,-0.043715494350108325,0.030309172272470163,0.019844739696250325,4.328719364107221,2.5515798670242367,2.1751394869794627,3.4531873432128157,2.1051618949175324,-6.158828589124108,-6.38386624183803,-10.62873958214775,0.45514269810477787,5.064291982175892,5.27465237366197,9.53759634175225,11.883625882736075,3.2562354311248445,2.3660752168705623,5.962448320509396,11.584758968504811,30,45,31,0,8,13,10,17,30,33,31,36,13,9,6,5,11,8,33,56,46,19,10,6,3,4,17,17,33,59,44,13,4,6,16,35,47,30,34,20,10,5,2,1,3
65,-0.0048604408951083465,0.0008352738204701637,-0.04995037406124967,4.098429353767633,2.4598319379322824,2.1630953237978257,3.196139878526751,2.0372679891043886,-5.916385027224108,-5.57458507523803,-10.62873958214775,0.45514269810477787,4.8448932290758915,6.24486643216197,8.252524130352251,11.883625882736075,3.0253983933786905,2.3394910387591867,5.108902581488922,10.4737920136268,33,49,32,0,9,11,11,16,30,32,38,24,16,13,10,9,10,25,55,50,24,9,6,2,2,1,13,22,20,61,50,17,7,7,18,39,48,33,33,14,10,3,1,1,3
66,0.029790066570891612,-0.0069517717190297965,-0.13120271584824963,3.7779269133319415,2.298888106859635,2.010429638688619,2.8890167318259996,1.8489320436709875,-5.834720354624109,-5.57458507523803,-8.727581447947749,0.4163149292841611,4.965622506075892,6.24486643216197,8.11082353945225,10.039413678981953,2.642886987963484,2.0209378296238403,4.18181591470827,8.845640732295598,35,49,33,0,8,10,10,20,30,42,31,26,14,9,7,11,9,27,56,51,22,12,4,1,1,5,19,24,34,58,40,10,3,6,17,35,39,31,33,27,8,7,2,1,3
67,0.05664860625089168,-0.0041549246085298246,-0.07267234662574956,3.7476868717287415,2.207254874953766,1.9211445269038712,3.0737824995906893,1.9935545993211856,-5.980725229524109,-5.498639217338029,-8.727581447947749,0.2563136521141506,4.965622506075892,4.03624479636197,9.720328376952251,10.059778439677078,2.4375915737986666,1.8454067783255999,4.726710062377043,9.009708414501308,41,48,35,0,4,12,8,12,35,49,39,19,15,7,3,12,6,9,29,44,47,29,11,10,4,7,21,27,53,63,13,3,6,3,17,26,46,30,37,25,6,5,4,4,3
68,0.03545040284739168,-0.022445631155029813,0.10267496375525038,3.888549485189555,2.142589927706934,2.1323280620234657,3.2792452338602875,2.1868812160319875,-5.980725229524109,-6.25519019053803,-10.89136627874775,0.2563136521141506,4.646287666075891,4.952555487861971,9.720328376952251,12.5735050586149,2.295974164686622,2.2736633852253485,5.381995725988775,9.951633275900749,37,42,35,0,4,10,8,11,34,41,43,29,9,11,4,11,9,9,23,61,44,25,9,5,1,4,10,26,29,64,49,6,5,6,21,49,40,39,30,7,7,6,0,1,3
69,-0.04804829205710831,-0.03228107896852976,0.12954302197325046,3.9742923606910936,2.2423123335184414,2.204645186379006,3.280634472932681,2.208193804128316,-5.842560593424109,-6.25519019053803,-10.89136627874775,0.20028895405919497,5.806762416675892,6.044556459861971,9.31656507625225,12.5735050586149,2.5151366197092626,2.4307512329417467,5.389671969768125,10.335559822419143,31,41,34,0,6,11,11,31,38,43,31,17,10,2,5,10,13,15,39,61,37,12,4,4,1,3,12,19,27,68,52,6,6,6,21,47,40,34,32,12,8,5,0,1,3
70,-0.05903201765460835,0.004932900373970157,0.07143842239725043,3.9406834167437603,2.263908710583942,2.1359232938821933,3.1573530251817488,2.0337049595849845,-5.842560593424109,-5.863425082538029,-8.29450423594775,0.20028895405919497,5.806762416675892,6.044556459861971,9.31656507625225,9.804549235716529,2.5643837144831125,2.2810963254273284,4.986990786909477,9.832470826819911,33,40,29,0,8,11,9,29,39,38,43,11,10,2,6,11,12,19,42,59,34,9,5,3,5,13,14,16,66,55,16,4,6,5,4,38,45,25,31,23,15,9,7,3,3
71,0.06540919097139168,-0.028152539641029876,-0.015408438602749567,3.719908257498166,2.0696960835196894,2.030213056898215,3.027421895171813,1.9334635164469287,-5.751472283524108,-5.863425082538029,-7.20418562184775,0.338285408535948,4.7935729779758915,4.93195957066197,9.235667686652251,9.380525402027391,2.143960120200134,2.0612788109441174,4.582760375672932,8.78799930681718,36,39,29,0,4,8,8,19,37,37,44,23,16,4,6,6,12,14,31,55,45,20,7,4,7,16,22,28,56,47,10,4,4,6,9,37,46,30,26,21,11,10,5,5,3
72,0.08544111481139169,-0.02936465392302978,-0.05732021680374959,3.7612366841409473,2.1913619837648834,1.9499629318125662,3.0578838973041274,1.9543856806812625,-5.437410420224109,-5.6461496980380295,-7.1992510514477495,0.338285408535948,5.009674167375891,4.76434074446197,9.235667686652251,9.380525402027391,2.4046837639950893,1.901608859171541,4.676969768323155,8.983262391489781,36,42,33,0,10,5,10,24,36,43,33,18,14,7,7,5,12,10,34,53,52,14,9,4,6,17,24,30,50,51,9,2,4,7,14,28,42,35,28,22,14,7,5,5,3
73,0.015483074891891678,0.003521509183970125,-0.025020964853249658,3.9612265260428203,2.3626786110393025,1.9871275363728933,3.1839263682902437,1.9944612726899147,-5.9897821807241085,-5.588396307138029,-8.77762428924775,0.351303423812669,5.009674167375891,5.06683890676197,9.06208644085225,10.354918333858599,2.7912449723353587,1.9743441234191657,5.069006583688048,9.834595679442579,33,46,38,0,7,8,10,21,30,42,36,21,14,11,7,7,11,11,40,50,51,10,11,2,2,11,14,29,46,53,30,4,4,7,14,35,42,30,28,29,9,6,6,1,3
74,-0.01469550634010846,0.015774976660970184,-0.001328241389749647,4.188788602630935,2.4313123490534134,2.1446472510633847,3.3905565233686055,2.112150970645889,-5.9897821807241085,-5.995148781138029,-8.77762428924775,0.5207974089348191,6.164788790675892,5.145395647261971,9.88469908155225,10.354918333858599,2.9557478482831057,2.2998803406911943,5.747937651191297,11.003565840165601,36,47,34,0,8,8,18,26,36,45,29,17,10,3,9,5,10,10,39,48,46,18,12,3,6,10,19,30,43,60,15,7,3,7,10,42,36,25,31,31,8,4,8,5,3
75,-0.027883031418108398,0.0005043261929701692,0.041179116286250386,4.397864319147603,2.4742830851477313,2.3836452025415604,3.4868421426995924,2.1501563275552575,-5.597891251124108,-7.44779310373803,-7.89108166524775,0.5114698854617514,6.164788790675892,5.9729528838619705,10.101024435152251,10.329608788148791,3.06142712444462,2.8408823529721507,6.079881923861995,11.982191401278758,34,47,32,0,12,7,27,22,42,28,36,17,3,6,3,10,6,7,32,63,44,19,13,3,6,18,22,25,54,50,10,5,2,8,6,36,40,25,32,31,11,4,9,6,3
76,-0.004333634491608309,-0.015197221167029835,0.03355538046125035,4.3195494594921495,2.438794364812261,2.3215454327333434,3.4143216920472996,2.082727042448893,-6.122959727724108,-7.44779310373803,-7.80103473004775,0.5114698854617514,5.827079381875892,5.9729528838619705,10.101024435152251,10.329608788148791,2.9738683671139734,2.6949020758881246,5.829359290171315,11.498129733173423,35,49,34,0,8,10,13,23,34,38,38,25,6,5,3,7,8,9,38,60,40,20,12,3,7,18,20,26,54,54,6,6,4,5,10,34,37,27,35,25,15,8,7,2,3
77,0.009349892510891666,-0.0054617152185298876,0.00044871929725041724,4.274010501489937,2.4245626168022265,2.307158031250138,3.4411367861464,2.185373224475098,-6.122959727724108,-7.2297451620380295,-8.147643794847749,0.1978048262165983,5.777962440175892,6.706791183661971,10.90310413845225,11.211233747964686,2.9392956516424142,2.6615040057475676,5.920711291159487,11.521510948549473,36,50,36,0,8,11,8,22,43,35,34,28,6,5,2,10,9,12,59,53,34,9,11,1,6,21,19,27,60,48,7,2,8,2,9,34,45,23,41,25,7,11,3,2,3
78,0.026237931763391703,-0.003283454234529812,-0.014702401556749591,4.362894744487716,2.401771672425702,2.4126347799591623,3.5807028193578296,2.318795214709609,-5.7207934320241085,-7.2297451620380295,-11.50523588284775,0.1978048262165983,5.777962440175892,6.706791183661971,10.90310413845225,13.056544191455455,2.8845977977648882,2.910408681270155,6.410824420584331,12.205830899619365,33,45,38,0,9,6,18,34,38,27,29,23,12,4,2,8,13,14,51,58,28,11,14,1,1,3,19,22,35,69,36,4,5,6,13,38,49,38,39,7,6,6,3,1,3
79,-0.08347625578010827,0.025628018324970147,0.03913315151875037,4.5284830491930315,2.553942181985703,2.496805804459247,3.6415507006608667,2.349372077154333,-6.821710485824108,-7.85011790973803,-11.50523588284775,0.46359606797015784,5.148103912175892,5.798828111961971,10.60678928175225,13.056544191455455,3.264794477102478,3.117348010252327,6.631211454515721,13.013353941870522,32,40,36,0,2,12,10,20,34,30,30,37,14,11,4,6,8,9,21,55,57,22,10,8,1,3,16,25,31,64,43,6,4,7,17,46,32,47,31,12,4,8,2,1,3
80,-0.03668236502610831,0.034861495602970145,0.029779905053250344,4.568018776465704,2.6879016265270494,2.465217122896527,3.5750556317209714,2.284685012685597,-6.821710485824108,-7.85011790973803,-9.14820901274775,0.5610646338716638,7.099372491575892,5.798828111961971,10.60678928175225,11.440923414001182,3.6130803748953304,3.0392553934489546,6.390954806322412,13.043290574666699,31,43,35,0,3,18,14,26,37,41,39,14,6,2,6,7,4,7,18,59,57,27,11,4,2,17,21,23,51,54,19,3,3,7,17,29,45,23,31,28,16,3,6,2,3
81,0.08586833611439161,0.030841599017470172,-0.07823781341774963,4.536422792325258,2.660579274396837,2.425990453402674,3.5111331864062354,2.174277348484181,-5.847247361324109,-7.413415253138029,-7.94502275834775,0.5610646338716638,7.099372491575892,4.60289315356197,10.07563927725225,10.433265752169907,3.543027723248526,2.9431904421154313,6.167088704065802,12.653306869429763,35,46,33,0,11,8,26,34,31,44,23,11,9,3,6,7,5,5,10,47,50,38,20,12,6,23,18,26,52,51,10,4,3,7,11,27,46,26,20,34,16,9,4,7,3
82,0.012693791136391725,0.022416392772470123,-0.12992363732774956,4.616445746489245,2.588211820594087,2.504754008467647,3.6364552897231546,2.214139244403882,-6.012258002724108,-7.10757717853803,-8.523891683747749,1.0374280429886764,6.395414734975891,4.60289315356197,10.13322209765225,10.433265752169907,3.349500780298188,3.137147568799837,6.620343612845997,13.106991961944022,35,41,30,0,9,9,20,35,33,35,29,19,3,8,10,3,8,3,20,44,37,46,18,11,6,22,16,23,47,50,22,4,3,7,22,27,42,25,16,32,19,3,8,6,3
83,-0.016957240902608306,0.03019849224147013,-0.10839943026174965,4.507242336458766,2.5148887479058795,2.3564343818464315,3.6591047111548782,2.228051200344118,-6.012258002724108,-7.10757717853803,-8.523891683747749,1.0374280429886764,6.395414734975891,4.497581594661971,10.13322209765225,10.37540033164195,3.162476481181315,2.776847472440817,6.700398861838445,12.639722815460575,34,41,28,0,10,9,13,33,43,32,35,16,2,7,7,5,7,5,18,37,41,50,23,7,9,18,15,23,49,53,18,4,3,8,24,32,42,20,17,23,27,3,7,5,3
84,-0.06764215824510833,0.015025211123970069,0.010407089063250451,4.4132100203324525,2.450924787790009,2.4107534636469046,3.5941855650394765,2.294650582617881,-5.602766184724108,-7.86456476133803,-8.05380757904775,0.8538198559079547,6.5670631617758914,4.79119015246197,10.08939518925225,10.287884788950425,3.0058038884877782,2.905979009727434,6.459139091720454,12.370921989935669,36,40,31,0,7,13,27,35,42,29,25,11,6,5,6,5,6,6,11,41,45,57,18,5,11,15,16,25,56,48,15,1,6,7,19,40,36,24,21,16,23,10,3,8,3
85,-0.04527861255260834,-0.003147583089529903,0.13846809755875042,4.600254060455817,2.54252241460741,2.536714653878377,3.7168355871515986,2.360742319533044,-6.088186339624109,-7.86456476133803,-8.05380757904775,0.3800971006942709,6.5670631617758914,4.79119015246197,10.421390050852251,10.571129543369162,3.2332351907678913,3.217465571240302,6.917020097979044,13.367720859987248,37,36,32,0,7,10,21,37,38,29,29,15,10,4,7,6,3,5,22,26,52,52,19,8,10,18,14,26,59,44,13,5,2,9,11,26,38,37,23,16,23,12,6,8,3
86,0.006438462240391687,-0.06693033183152984,0.11527612502425034,4.704552871966426,2.586114153832278,2.6685495227291316,3.7375364045525696,2.37977169708639,-6.088186339624109,-7.986690330438029,-8.53932212124775,0.3800971006942709,6.448846943475892,5.5284704404619704,10.51982112335225,10.652204232278345,3.344013935223834,3.562818112288478,6.991233480178168,13.898065527690488,36,41,32,0,10,9,15,34,38,30,34,17,8,5,7,5,8,8,22,46,49,36,14,5,9,15,15,26,52,54,15,3,2,9,10,32,32,35,22,16,26,15,7,5,3
87,0.03517442735439174,-0.14433966502302983,-0.016745816365249716,4.699959474909216,2.583785704719839,2.755884614850968,3.725530823888424,2.4664065021494617,-5.903987281924108,-8.26389869013803,-10.05583147384775,0.46403246949475346,6.479028773375892,5.5284704404619704,10.51982112335225,11.316373096671066,3.338592904127154,3.807866974635616,6.939930171054254,14.086390049817012,36,46,36,0,10,12,12,35,31,40,33,16,5,6,6,7,11,6,13,52,45,38,16,6,3,14,17,18,51,52,29,6,4,6,15,34,34,29,24,23,21,13,2,5,3
88,0.043841646930891744,-0.09442601663502984,-0.07499211540974969,4.754687763246047,2.67114683601096,2.584023400407569,3.786572805127207,2.357910603892626,-5.903987281924108,-8.26389869013803,-10.05583147384775,0.46403246949475346,6.479028773375892,5.77021785626197,10.40617994385225,11.316373096671066,3.568473754768488,3.343046603235728,7.171878712951281,14.083399070955492,33,48,37,0,14,6,22,31,24,40,37,11,9,6,3,9,9,5,21,50,52,36,13,2,2,16,15,23,41,55,32,5,4,7,14,27,37,33,26,27,18,10,4,4,3
89,0.03018254348289167,-0.0117595017020299,-0.02781624092524959,4.533584951758563,2.6209301254454123,2.213112181742235,3.6832751589899826,2.1867982642518187,-5.886047626324109,-7.7630553201380295,-8.63876606074775,0.6147748358894959,6.1244525739758915,5.77021785626197,10.40617994385225,10.489301601579403,3.4350928541992,2.449001907428077,6.783644820045948,12.667739581673223,30,44,30,0,11,8,23,29,25,36,36,17,10,5,1,7,9,7,29,43,65,30,8,1,11,14,17,20,56,49,16,7,6,4,14,29,39,32,15,28,25,10,5,3,3
90,-0.0042882354581083235,0.000804064502470202,0.009264312042750428,4.6013912533196075,2.5935254811115396,2.1898810878829464,4.074425840760605,2.6363237526780607,-5.886047626324109,-8.55255692933803,-11.99228075924775,0.5983115663126979,6.2729042860758915,3.89267569006197,10.14567574515225,12.199331197847371,3.3631964050690915,2.3977899127935602,8.300515879667689,14.061502197530356,31,37,33,0,9,12,24,26,30,38,33,14,9,5,2,3,2,14,3,20,40,66,44,6,2,6,15,14,24,71,36,14,9,9,27,41,29,30,20,25,12,6,8,2,3
91,-0.04380220684460831,-0.01939490610202978,0.012636977069750373,4.849017136569997,2.5629980357188837,2.570103517351454,4.26411447050843,2.8011694944697076,-6.294399184324108,-8.56575290053803,-11.99228075924775,0.5983115663126979,6.2729042860758915,5.354514835561971,10.73021821905225,12.199331197847371,3.285438782211659,3.30290412614251,9.091415955394424,15.679758863748598,33,34,37,0,5,8,22,36,27,39,33,15,10,5,5,4,8,6,14,40,54,52,11,6,3,7,16,16,34,65,31,10,9,9,24,41,36,23,15,23,13,12,10,3,3
92,-0.047628772370108347,0.04697577441847021,-0.008609299862249616,4.701727509176896,2.531221837179436,2.639264192686042,3.8790585918560527,2.5136035486317274,-6.294399184324108,-8.56575290053803,-8.86590184164775,0.310229225448339,6.669044108375892,5.49224511596197,10.73021821905225,11.50021505836259,3.20467624448576,3.483961101088458,7.523584839548193,14.212222185122405,35,34,32,0,8,5,22,39,39,29,31,19,3,5,3,8,6,6,18,37,52,48,15,7,11,15,15,23,53,49,17,6,6,5,11,28,54,27,11,29,18,13,4,5,3
93,-0.02914797704610829,0.08480184494597025,-0.016009022818749646,4.597123627678062,2.5575417587929956,2.6091804604286835,3.6844675896062595,2.408089603822828,-5.8811487963241085,-7.942002403938029,-8.51873032184775,0.310229225448339,6.669044108375892,5.49224511596197,10.53322497715225,10.89128202328125,3.270934726267923,3.4075070139945365,6.7877788538352855,13.466220594097738,32,38,32,0,9,9,19,40,36,33,33,11,3,7,6,7,5,9,14,40,59,41,14,5,9,18,14,22,56,47,23,2,4,5,7,39,38,27,17,28,21,13,6,4,3
94,0.08875411386839172,0.030096673015970125,0.020654866556250342,4.735971430652131,2.6379016952861614,2.710874112260472,3.7319360799300956,2.4113264078544177,-5.729611184124108,-8.64358425793803,-8.65211849754775,0.9288979292285714,6.697970043075892,5.73318545666197,10.34527962845225,11.30456937941059,3.483201323361082,3.6748721311253125,6.963886764098241,14.12196021858465,32,41,36,0,8,12,24,37,25,40,29,10,9,6,6,4,7,8,14,49,55,34,16,7,11,18,12,16,58,49,23,3,5,5,24,38,32,24,20,24,21,7,5,5,3
95,0.07365301301739173,0.008331090905970093,0.06581311060825032,4.7137506912588805,2.5924646835129455,2.776199615520611,3.6433710941798036,2.3436489348812897,-5.537331350924108,-9.49576277113803,-8.65211849754775,1.0671164314369082,6.697970043075892,5.73318545666197,10.34527962845225,11.30456937941059,3.3631489507942085,3.853676856146235,6.639242147716439,13.856067954656877,35,39,34,0,8,13,25,37,33,32,25,13,8,6,3,8,5,5,9,42,60,47,14,7,7,23,13,16,50,53,25,3,5,5,21,44,34,21,24,22,16,9,5,4,3
96,-0.09832081627310836,0.03763359875297002,0.10830219131575036,4.757894715491125,2.5662675805418225,2.851929340642646,3.6530620989453793,2.3343828883288826,-5.701087163324108,-9.49576277113803,-7.78215514824775,0.5207673680734906,6.469814826375892,5.2181114089619705,10.56682385185225,10.743906562595644,3.297698138926293,4.067458625886746,6.678296031697504,14.043452796510543,35,40,36,0,9,12,21,46,29,31,24,17,5,6,5,7,4,4,7,34,47,56,28,8,14,21,10,30,49,45,20,2,5,4,6,36,38,24,28,23,18,11,12,4,3
97,-0.017515856751108307,0.11311103942397006,-0.04841043874874955,5.109787055966397,2.7839680409647256,2.9048777777872665,4.0105767028604555,2.4857673206190616,-6.309972380724108,-8.52524869813803,-8.854431844247749,0.5207673680734906,6.469814826375892,5.01367128596197,10.92980769175225,11.254380875281027,3.875392429175345,4.22555450556093,8.043534530053439,16.14448146478972,33,40,37,0,10,6,20,40,26,27,39,16,8,8,6,8,4,5,14,40,30,51,28,14,10,24,13,21,52,45,21,4,5,5,6,36,35,25,20,22,28,12,11,5,3
98,0.08593134955339171,0.026761841865470117,-0.19759114240424944,4.986211687995715,2.9356451698170387,2.5698402644680898,3.8636966871364846,2.3097790572279067,-6.788135858124108,-8.27828640163803,-8.854431844247749,0.6453634274760918,6.509719588075892,4.47574099946197,10.92980769175225,11.254380875281027,4.312698379953089,3.3023975905307252,7.483597174873029,15.09869314535684,32,40,34,0,8,9,16,33,26,32,31,25,12,8,5,3,6,9,9,36,43,47,28,14,10,22,15,24,51,46,17,7,5,3,8,32,39,24,25,24,29,12,4,3,3
99,-0.014262072108108353,-0.025837870219529827,-0.12141333972374971,4.610425258600854,2.7681979682067066,2.2188581615326357,3.6920634699796517,2.2309583892798917,-6.788135858124108,-7.19808561943803,-7.944454318047749,0.6453634274760918,6.509719588075892,4.45906673246197,10.41987513765225,10.623674132141343,3.831561698942277,2.4619995682687317,6.823036932710537,13.116598199921548,32,39,34,0,7,9,18,30,22,48,31,20,9,6,5,4,9,6,14,37,53,48,20,4,16,17,18,25,51,39,21,5,5,3,13,33,35,23,26,22,34,9,3,2,3
100,-0.04394959733310829,0.026676089566470086,-0.024950336526749682,4.640542129781238,2.5653628685983665,2.43642415046739,3.8634482176519174,2.4314842917280552,-6.191912070124109,-6.877876488438029,-7.85336431904775,0.22080512821854364,6.148377816575891,4.220806184461971,11.601311863152251,11.885455048641544,3.291509107344489,2.968437127367649,7.463427324885283,13.723373559597432,36,41,32,0,10,6,19,31,26,48,29,17,8,6,12,4,5,4,9,37,52,41,22,14,16,21,19,42,47,32,10,3,6,4,12,36,39,24,26,28,22,8,3,2,3
101,0.0006399100778916511,0.00013618757997020114,0.02010167280825032,4.6370868707574955,2.4281245168312986,2.7014054360079096,3.746881098320077,2.393810314583997,-6.191912070124109,-8.94354430553803,-8.00926532424775,0.22080512821854364,5.3776672843758915,7.0388755431619705,11.786714297252251,11.92869244621844,2.947894539361069,3.648795674120072,7.019761021098986,13.616451234580119,36,40,34,0,5,10,11,20,44,31,35,26,9,9,2,11,6,7,25,58,61,23,3,4,13,17,25,38,50,38,6,5,5,3,9,33,45,26,29,27,18,8,2,3,3
102,0.023262932453391644,0.00404422224847017,0.05210117169575042,4.479890369355901,2.421396528358129,2.632926531734504,3.530593805882508,2.2791248806496864,-6.5791796214241085,-8.94354430553803,-8.01130329174775,0.5258938262160274,5.516263181875892,7.0388755431619705,11.786714297252251,11.92869244621844,2.9318511557855658,3.46615923862254,6.2339035771140034,12.631913971522103,32,33,32,0,4,12,8,15,36,44,35,30,11,5,2,10,5,8,24,52,75,19,1,4,12,15,23,39,53,41,5,6,5,1,18,38,37,31,25,23,19,7,1,1,3
103,-0.0036348104496083276,0.004026873156470145,-0.010048328718749564,4.591485326090588,2.5614700154053804,2.5181139941398305,3.6847865298097178,2.323375000797358,-6.5791796214241085,-7.311863725338029,-8.76695483234775,0.6775667930261048,6.807667595375892,4.853541677861971,9.66087554045225,10.087475732123153,3.2805709258339215,3.1704571515951336,6.788876369588593,13.239904447017638,30,34,32,0,7,11,8,35,39,43,32,17,4,4,9,7,4,6,15,37,61,35,17,9,9,14,13,25,42,55,23,7,5,7,13,35,34,26,16,18,20,26,8,4,3
104,-0.044573658416608326,0.011776889508470103,-0.0409513563417496,4.650615509622465,2.530335128673433,2.5742730933759597,3.8112416737023067,2.4352861884057293,-6.0344839869241085,-7.40075227013803,-8.76695483234775,0.4210396319618934,7.500068872275892,5.6544415510619706,10.62229948425225,10.712268794588773,3.2022913372117174,3.3135103272029625,7.26362005447569,13.779421718890374,34,40,35,0,11,8,23,40,41,42,21,5,6,3,8,7,6,9,27,51,39,32,18,3,12,14,16,25,52,48,21,2,4,6,9,38,37,27,10,28,24,15,6,6,3
105,-0.04161056737610835,-0.024864652751529888,0.051568894404250366,4.695746157292563,2.608425658157856,2.423837233537011,3.9597419748646048,2.512648985381221,-6.6598083415241085,-7.40075227013803,-9.77046893424775,0.2670288966005329,7.500068872275892,5.6544415510619706,10.62229948425225,10.712268794588773,3.4028079267268048,2.937802592818402,7.841107929187364,14.181718448732576,36,43,35,0,6,11,12,42,49,35,23,13,7,2,7,5,8,10,21,56,48,29,13,3,7,15,15,16,50,48,28,11,5,5,9,33,40,22,18,28,19,15,8,8,3
106,0.01616577061889166,-0.060002871401529934,-0.029873392671749693,4.817451379982047,2.8619310721834146,2.1727797916562497,4.062966032622654,2.493237005384577,-9.218072263224109,-7.103544931638029,-9.77046893424775,0.2670288966005329,8.063234238375891,4.814376659661971,9.929841385652251,10.710451917145708,4.095455397034307,2.3622861838031,8.25429270091759,14.712034281755004,36,39,30,0,2,7,12,15,41,50,42,24,5,2,6,3,7,9,16,51,56,38,9,5,9,13,14,21,38,43,31,20,8,3,8,29,42,19,24,22,22,21,6,7,3
107,0.04975423900189169,0.023302794002470116,-0.048564441019249636,4.823798451428087,2.8869866052873134,2.008082241053121,4.209767532130793,2.612579975802153,-9.218072263224109,-7.103544931638029,-11.017871461847749,0.8652774385447383,8.063234238375891,4.814376659661971,10.456121987852251,12.327563228952952,4.168583571703511,2.016468653520623,8.862250589757052,15.047302814981194,34,36,27,0,2,8,11,18,37,47,45,25,6,1,2,5,8,8,17,47,64,33,12,4,6,14,9,19,36,51,36,16,8,5,29,42,24,31,18,20,22,6,7,1,3
108,0.026900942248891738,0.033567338396470074,-0.01542553216774949,4.789883254777044,2.7967464880650827,1.9844579403771117,4.380618057445639,2.8299797844505874,-6.898871588624108,-6.790672238138029,-13.73985850654775,0.6416278526518321,6.499319770575892,3.95144546726197,10.456121987852251,13.98899695245429,3.9112572895991247,1.9696000416663955,9.595026256130728,15.475883587396245,28,38,35,0,8,6,20,26,24,41,38,24,8,5,2,4,8,5,17,29,58,47,24,6,2,6,13,10,24,57,49,22,11,6,38,42,25,33,20,19,13,6,3,1,3
109,-0.031392091463108326,0.01904129575097017,0.15280268588975032,5.10080475907899,2.8234921147251595,2.635418416066006,4.348181829602463,2.7983407008194283,-6.898871588624108,-9.546639262438031,-13.73985850654775,0.6416278526518321,6.499319770575892,6.800637640861971,13.61156256455225,13.991284006567657,3.986546592660788,3.4728963993418684,9.46501694205007,16.924459934052738,31,42,35,0,7,8,19,31,24,35,43,18,8,7,2,7,4,10,16,55,65,33,6,2,3,0,20,18,48,66,27,12,3,3,24,43,33,30,22,25,12,6,3,2,3
110,-0.056447715916608326,-0.06562434958602979,0.1733138677717505,5.051319228593826,2.6537786893480244,3.0408244748975117,3.9972101057830804,2.6054842345404636,-5.835489376724109,-9.546639262438031,-8.26029610154775,0.354150744340092,6.427210029475892,7.275205455061971,13.61156256455225,13.991284006567657,3.5228638383349606,4.625460021197162,8.003863163268194,16.152187022800312,36,44,35,0,14,8,23,34,32,28,33,17,7,4,4,10,6,11,24,57,47,32,6,3,14,22,18,47,58,25,5,5,4,2,12,43,39,34,27,23,14,5,2,1,3
111,0.019419029932891706,-0.16528094183752992,-0.0795593413727496,4.733579189856818,2.7000327342282753,2.8779359195648184,3.5825319054003253,2.4565177399826097,-6.0272388503241086,-8.18043129123803,-8.04815139014775,0.354150744340092,6.6929730201758915,7.275205455061971,10.52687560155225,10.860078957361553,3.6452769323138745,4.1549164734280435,6.420432271005483,14.220625676747398,36,42,38,0,11,10,15,40,36,30,23,23,9,3,10,8,7,10,35,62,44,18,5,1,13,19,12,31,50,48,16,3,3,5,13,27,39,20,28,26,18,14,12,3,3
112,0.04788894705489171,-0.09313334554202982,-0.03881651862824958,4.602628278690147,2.7976991002600204,2.672037917611849,3.435962045994486,2.3666492963444896,-6.0272388503241086,-8.17543050923803,-8.04815139014775,0.3273973287328117,6.6929730201758915,4.61636187916197,9.25142915385225,9.900620972264637,3.9147068034228774,3.5742302266036616,5.903670951816521,13.392607981843055,35,42,35,0,11,11,12,45,35,26,23,20,11,6,5,10,4,5,14,29,55,33,33,12,14,14,10,20,54,47,28,5,2,6,11,22,37,26,22,24,22,18,7,11,3
113,-0.008728693398108351,-0.0576990344980298,0.03566545486525027,4.509939087452165,2.6213280996540105,2.7557050879041762,3.3885725140887675,2.369139515011069,-5.9470438794241085,-8.84539592533803,-9.07170650514775,0.3273973287328117,6.589371649375892,5.110019886261971,9.53969071365225,12.740032282116948,3.435718598062071,3.7986198550414856,5.741847853954314,12.97618630705787,35,43,35,0,9,11,15,42,38,25,35,11,8,6,4,6,7,7,14,28,50,49,26,9,2,18,9,18,59,41,40,5,2,6,13,49,37,32,25,26,9,7,1,1,3
114,-0.04697713125510834,0.02640283229997009,0.0025550491122503793,4.691803012779523,2.603699583596807,2.8535626737743454,3.585010487675481,2.4008887165978643,-6.086620983824108,-8.84539592533803,-9.07170650514775,0.9471122658325879,6.889726538475892,5.110019886261971,10.322907974452251,12.740032282116948,3.3907291862415714,4.071758521355825,6.426153362509576,13.88864107010697,35,43,38,0,7,8,21,44,38,25,32,15,3,7,6,6,6,7,11,27,45,57,27,8,6,15,13,23,55,47,27,5,3,6,20,53,38,25,24,21,8,5,4,2,3
115,-0.021145037198608316,0.09250769692597012,-0.014843618534249571,4.765855512674333,2.6992289155313314,2.7766609361581835,3.664610269357696,2.3918397670037796,-6.086620983824108,-8.45489866503803,-8.62478329264775,0.5908563324315086,6.889726538475892,6.369332115861971,10.322907974452251,11.623707238139252,3.64314192551929,3.8592018141886935,6.714794379646536,14.217138119354523,35,42,36,0,8,8,24,38,40,24,29,19,2,8,8,4,8,10,14,51,52,43,8,2,9,13,17,26,55,44,23,3,4,6,11,32,50,30,22,21,17,6,8,3,3
116,0.07382493199039177,0.04595957404747011,0.0022631376547503955,4.753859003001855,2.6625044736041086,2.7249120634894153,3.7375841269289194,2.427344853123133,-6.085801774624108,-8.45489866503803,-8.24263878734775,0.553789185083642,7.006864617575892,6.369332115861971,10.251257607052251,10.490690707755585,3.547190096272638,3.713629018098384,6.9847701138315355,14.245589228202553,34,40,38,0,8,9,18,39,42,26,36,12,3,7,8,6,5,8,19,56,47,41,9,1,14,13,17,22,56,43,22,2,5,6,11,22,52,23,19,20,18,20,7,8,3
117,0.0567382460563917,0.034971768415470214,0.034182372831750366,4.583141892261518,2.5401670025551346,2.3739507757243588,3.809423681746567,2.366478513877821,-6.1921257605241085,-7.86143804093803,-9.08395678034775,0.553789185083642,7.006864617575892,4.104137517661971,10.251257607052251,10.490690707755585,3.2278338147177448,2.8184326550741945,7.25643861083199,13.302705080623932,34,40,38,0,6,9,18,39,41,35,36,7,2,7,5,5,5,7,5,31,46,47,35,14,10,17,12,12,56,50,29,2,7,5,9,33,48,24,15,20,20,20,5,6,3
